tns_name,previous_name,repeater_name,ra,ra_err,ra_notes,dec,dec_err,dec_notes,gl,gb,exp_up,exp_up_err,exp_up_notes,exp_low,exp_low_err,exp_low_notes,bonsai_snr,bonsai_dm,low_ft_68,up_ft_68,low_ft_95,up_ft_95,snr_fitb,dm_fitb,dm_fitb_err,dm_exc_ne2001,dm_exc_ymw16,bc_width,scat_time,scat_time_err,flux,flux_err,flux_notes,fluence,fluence_err,fluence_notes,sub_num,mjd_400,mjd_400_err,mjd_inf,mjd_inf_err,width_fitb,width_fitb_err,sp_idx,sp_idx_err,sp_run,sp_run_err,high_freq,low_freq,peak_freq,chi_sq,dof,flag_frac,excluded_flag
FRB20180904A,-9999,-9999,286.58,0.17,-9999,81.22,0.12,-9999,113.16,26.22,88.0,40.0,-9999,74.0,44.0,-9999,40.8,360.7,1.0,1.8,2.2,3.7,74.6,361.13741,0.00079,305.7,308.4,0.00197,<0.00055,-9999.0,3.8,2.1,-9999,6.0,3.4,-9999,0,58365.67132151567,5.4e-10,58365.67121322334,5.9e-10,0.0005275,9.7e-06,12.12,0.61,-23.18,0.95,712.3,400.2,519.7,155378.697,143482,0.539,0
FRB20180907D,-9999,-9999,328.95,0.29,-9999,89.22,0.31,-9999,122.33,26.57,1050.0,330.0,-9999,900.0,390.0,-9999,12.3,1444.4,5.1,3.5,10.2,6.8,13.8,1447.098,0.013,1391.1,1393.4,0.0059,<0.0027,-9999.0,0.89,0.6,-9999,4.9,2.3,-9999,0,58368.254154255,6.2e-09,58368.2537203214,7.4e-09,0.00222,0.00024,2.8,2.8,-0.1,3.0,800.2,400.2,800.2,339735.417,347770,0.441,0
FRB20180907A,-9999,-9999,320.87,0.23,-9999,29.46,0.22,-9999,77.77,-14.65,11.7,6.5,-9999,-9999.0,-9999.0,-9999,15.3,875.1,0.0,1.3,0.0,3.4,25.4,877.24,0.011,785.2,801.8,0.0059,0.000264,4.3e-05,0.87,0.56,-9999,2.8,1.4,-9999,0,58368.2610035043,3.3e-09,58368.260740451,4.8e-09,0.00087,0.00011,-2.3,1.1,-5.1,2.3,648.6,400.2,400.2,343339.826,342297,0.45,0
FRB20180907B,-9999,-9999,4.49,0.22,-9999,19.17,0.24,-9999,112.1,-43.0,12.5,7.0,-9999,-9999.0,-9999.0,-9999,15.4,658.3,0.0,2.0,0.0,3.8,19.3,658.1899,0.0052,620.1,628.3,0.00295,0.00113,0.00017,1.08,0.68,-9999,2.9,1.6,-9999,0,58368.3820746998,4.7e-09,58368.381877332,4.9e-09,0.00021,0.00018,-0.7,1.1,-4.6,1.8,751.4,400.2,400.2,316182.424,315545,0.493,0
FRB20180907E,-9999,-9999,167.88,0.24,-9999,47.09,0.23,-9999,160.75,62.04,16.5,9.3,-9999,-9999.0,-9999.0,-9999,12.2,381.7,0.0,3.6,0.0,8.5,20.3,383.36,0.14,352.9,363.3,0.0118,0.00338,0.00079,0.73,0.52,-9999,6.9,3.7,-9999,0,58368.834179689,1.9e-08,58368.834064734,4.7e-08,0.00415,0.00088,-7.1,1.8,-2.7,5.3,536.3,400.2,400.2,597440.649,598265,0.52,0
FRB20180910A,-9999,-9999,352.77,0.18,-9999,88.21,0.21,-9999,122.25,25.45,420.0,110.0,-9999,350.0,140.0,-9999,36.6,684.2,2.8,2.2,5.7,4.2,50.4,684.4081,0.0012,626.3,627.7,0.00098,0.000244,2.9e-05,6.5,3.2,-9999,5.6,3.0,-9999,0,58371.3375771807,2.5e-09,58371.337371951,2.5e-09,0.000205,2.9e-05,0.05,0.53,-0.53,0.63,800.2,400.2,417.6,149900.203,147737,0.525,0
FRB20180915A,-9999,-9999,280.55,0.23,-9999,17.91,0.25,-9999,48.01,10.04,12.7,7.0,-9999,-9999.0,-9999.0,-9999,13.4,370.4,0.0,7.9,0.0,15.4,16.3,371.029,0.01,199.1,224.9,0.00492,0.00088,0.00029,2.3,1.4,-9999,6.2,3.2,-9999,0,58376.1276094452,3.7e-09,58376.1274981867,4.9e-09,0.00080,0.00013,6.5,2.3,-9.1,2.8,800.2,400.2,571.9,272951.369,272377,0.562,0
FRB20180915B,-9999,-9999,225.23,0.25,-9999,25.02,0.23,-9999,36.17,60.93,13.1,7.6,-9999,-9999.0,-9999.0,-9999,12.5,176.3,0.0,2.4,0.0,4.2,36.1,177.127,0.02,154.7,154.1,0.00492,0.0001108,8.1e-06,0.99,0.42,-9999,3.8,1.0,-9999,0,58376.9753845892,2.1e-09,58376.9753314751,6.3e-09,0.001694,7.5e-05,-9.2,1.0,3.0,2.8,527.4,400.2,400.2,278172.462,276025,0.557,0
FRB20180916A,-9999,-9999,348.97,0.18,-9999,80.33,0.061,-9999,118.82,18.23,73.0,38.0,-9999,76.0,28.0,-9999,21.4,296.0,7.6,2.9,15.2,5.9,32.5,296.0275,0.0017,217.6,206.0,0.00098,0.000188,2.2e-05,2.4,1.5,-9999,4.5,2.5,-9999,0,58377.3147394604,2.4e-09,58377.3146506922,2.5e-09,<0.00010,-9999.0,2.41,0.71,-8.1,1.2,793.2,400.2,464.7,141368.791,138009,0.557,0
FRB20180917B,-9999,-9999,238.8,0.19,-9999,77.53,0.1,-9999,111.96,35.37,45.0,33.0,-9999,37.0,33.0,-9999,16.5,860.5,28.8,6.6,52.6,12.3,24.3,857.038,0.027,813.9,820.1,0.01966,0.0066,0.0011,1.03,0.52,-9999,8.3,3.2,-9999,0,58378.0062000869,9.9e-09,58378.005943092,1.3e-08,0.00247,0.00046,2.26,0.99,-8.6,1.7,765.0,400.2,456.2,451759.045,445961,0.522,0
FRB20180917A,-9999,FRB20180814A,65.54,0.19,-9999,73.63,0.27,-9999,136.46,16.58,41.0,24.0,-9999,43.5,7.9,-9999,19.0,194.1,43.8,6.9,155.9,25.6,46.6,189.917,0.018,102.1,81.5,0.06095,0.0080,0.0025,3.2,3.1,-9999,46.0,32.0,-9999,2,58378.032386328,1.5e-08,58378.032329379,1.6e-08,0.0076,0.0016,62.0,15.0,-67.0,15.0,770.5,531.1,639.7,908712.749,904687,0.516,0
FRB20180918A,-9999,-9999,301.27,0.22,-9999,64.96,0.2,-9999,98.09,17.11,26.0,16.0,-9999,-9999.0,-9999.0,-9999,14.0,1454.1,0.0,3.4,0.0,6.0,24.4,1453.9882,0.0061,1374.0,1367.9,0.00295,0.00146,0.00029,1.45,0.56,-9999,4.1,1.3,-9999,0,58379.1746212322,2.6e-09,58379.1741852326,3.2e-09,0.00055,0.00011,13.4,2.9,-15.5,3.0,800.2,419.8,617.6,289525.913,289401,0.535,0
FRB20180919B,-9999,-9999,5.34,0.19,-9999,5.94,0.087,-9999,109.42,-56.14,10.7,6.7,-9999,-9999.0,-9999.0,-9999,16.1,558.0,0.0,1.0,0.0,2.4,18.8,560.2214,0.0073,527.4,536.0,0.00098,<0.00050,-9999.0,2.56,0.87,-9999,3.0,1.2,-9999,0,58380.3537560276,1.2e-09,58380.353588037,2.5e-09,0.000408,4.7e-05,4.4,1.6,-11.1,2.5,768.9,400.2,487.6,140499.114,141050,0.547,0
FRB20180919A,-9999,FRB20180814A,65.54,0.19,-9999,73.63,0.27,-9999,136.46,16.58,41.0,24.0,-9999,43.5,7.9,-9999,13.4,190.9,43.8,6.9,155.9,25.6,14.6,188.85,0.26,101.0,80.5,0.02163,<0.0045,-9999.0,0.58,0.26,-9999,3.1,1.1,-9999,0,58380.525137167,1.1e-08,58380.525080538,7.7e-08,0.00378,0.00037,27.8,8.1,-179.0,45.0,484.6,400.2,432.6,442868.506,441402,0.527,0
FRB20180920A,-9999,-9999,78.89,0.21,-9999,28.29,0.23,-9999,176.92,-5.87,11.3,6.7,-9999,-9999.0,-9999.0,-9999,13.5,562.9,0.0,11.1,0.0,21.8,20.2,555.66,0.17,394.9,324.9,0.01475,0.0091,0.0014,0.86,0.58,-9999,8.5,4.8,-9999,0,58381.55528837,3.3e-08,58381.555121747,6.1e-08,0.00222,0.00076,20.1,4.0,-26.3,4.6,787.4,435.9,585.9,884341.437,880985,0.528,0
FRB20180922A,-9999,-9999,342.29,0.2,-9999,69.67,0.059,-9999,112.62,9.29,31.0,20.0,-9999,-9999.0,-9999.0,-9999,24.5,562.9,0.0,3.0,0.0,6.2,32.4,555.687,0.013,414.4,341.5,0.00295,0.000313,4.9e-05,2.6,1.9,-9999,7.7,5.5,-9999,0,58383.2767890267,1.9e-09,58383.2766223958,4.4e-09,0.000806,8.5e-05,-4.0,1.1,-9.2,3.5,555.9,400.2,400.2,302315.045,340473,0.453,0
FRB20180923A,-9999,-9999,327.61,0.038,-9999,71.92,0.2,-9999,109.81,13.83,39.0,20.0,-9999,23.0,17.0,-9999,16.1,218.4,12.2,1.3,23.8,2.6,24.3,219.4397,0.0056,119.4,92.2,0.00197,0.000211,3.7e-05,0.76,0.48,-9999,1.2,0.7,-9999,0,58384.2380856349,2.2e-09,58384.2380198327,2.8e-09,0.00015,0.0001,18.2,2.5,-57.4,7.1,572.9,400.2,468.9,163961.351,163545,0.475,0
FRB20180923D,-9999,-9999,169.08,0.02,-9999,48.75,0.07,-9999,156.94,61.62,20.0,7.8,-9999,-9999.0,-9999.0,-9999,48.1,328.4,0.0,0.9,0.0,1.0,91.0,329.3996,0.002,298.7,308.7,0.00098,0.0001144,6.1e-06,2.4,1.4,-9999,2.2,1.3,-9999,0,58384.79643050983,2.6e-10,58384.79633173454,6.5e-10,<0.00010,-9999.0,20.9,0.8,-92.7,3.2,524.4,400.2,448.0,167150.173,162937,0.477,0
FRB20180923C,-9999,-9999,239.14,0.038,-9999,22.85,0.21,-9999,37.67,48.06,12.9,7.3,-9999,-9999.0,-9999.0,-9999,15.0,173.1,0.0,1.0,0.0,1.3,17.7,173.9839,0.0069,144.9,146.5,0.00197,0.000500,8.6e-05,0.89,0.54,-9999,1.37,0.55,-9999,0,58384.991255929,3.7e-09,58384.9912037574,4.2e-09,0.00032,0.00012,1.0,1.5,-10.2,3.0,675.6,400.2,420.5,325038.302,322841,0.481,0
FRB20180924A,-9999,-9999,35.46,0.19,-9999,37.52,0.19,-9999,142.12,-21.96,15.8,8.2,-9999,-9999.0,-9999.0,-9999,18.2,1114.5,0.0,2.8,0.0,4.9,21.4,1116.5456,0.0034,1047.3,1049.0,0.00295,<0.00099,-9999.0,1.3,0.51,-9999,3.5,1.2,-9999,0,58385.4227595024,3.3e-09,58385.4224246899,3.5e-09,0.000870,5.8e-05,6.5,2.3,-5.0,2.4,800.2,400.2,770.6,287463.174,286362,0.54,0
FRB20180925B,-9999,-9999,145.45,0.21,-9999,20.99,0.089,-9999,210.38,46.52,10.1,7.8,-9999,-9999.0,-9999.0,-9999,12.0,668.0,0.0,3.1,0.0,5.6,16.1,667.866,0.012,628.2,637.4,0.0059,<0.0014,-9999.0,0.76,0.47,-9999,2.7,1.1,-9999,0,58386.7270766556,5.7e-09,58386.7268763862,6.8e-09,0.00115,0.0001,15.0,2.6,-41.5,6.5,606.9,400.2,479.6,261962.202,259610,0.583,0
FRB20181013A,-9999,-9999,262.83,0.18,-9999,38.41,0.18,-9999,63.25,31.48,17.3,7.4,-9999,-9999.0,-9999.0,-9999,25.6,308.9,0.0,1.6,0.0,2.8,31.4,309.3055,0.0022,261.2,270.7,0.00098,<0.00056,-9999.0,2.81,0.94,-9999,3.5,1.2,-9999,0,58404.003125997,2.8e-09,58404.0030332473,2.9e-09,0.000512,2.3e-05,1.08,0.71,-5.2,1.2,800.2,400.2,443.7,141833.644,140442,0.549,0
FRB20181013C,-9999,-9999,146.07,0.23,-9999,34.1,0.23,-9999,191.21,49.48,13.3,8.2,-9999,-9999.0,-9999.0,-9999,12.6,1004.5,0.0,1.3,0.0,2.5,15.1,1005.766,0.014,967.2,980.1,0.00492,0.000435,9.5e-05,0.44,0.29,-9999,1.64,0.88,-9999,0,58404.6799941857,6.8e-09,58404.6796925921,7.9e-09,0.00076,0.00019,-3.7,1.5,-0.8,2.9,698.0,400.2,400.2,261701.004,262649,0.578,0
FRB20181014A,-9999,-9999,46.01,0.22,-9999,63.33,0.2,-9999,137.18,4.19,27.0,15.0,-9999,-9999.0,-9999.0,-9999,18.2,1311.8,0.0,1.5,0.0,2.9,20.6,1314.8896,0.0079,1128.2,1014.9,0.0059,<0.0023,-9999.0,0.99,0.61,-9999,2.7,1.5,-9999,0,58405.4026407793,5.3e-09,58405.4022464905,5.8e-09,0.00205,0.00014,3.7,2.7,0.5,2.6,800.2,456.0,800.2,258344.244,256698,0.44,0
FRB20181014B,-9999,-9999,78.56,0.11,-9999,14.66,0.2,-9999,188.17,-13.82,14.1,5.7,-9999,-9999.0,-9999.0,-9999,20.9,888.0,0.0,1.2,0.0,2.3,26.2,887.972,0.0069,785.4,737.4,0.00393,0.00110,0.00017,0.65,0.25,-9999,1.88,0.59,-9999,0,58405.4899485186,4.5e-09,58405.4896822472,4.9e-09,0.00073,0.00011,3.6,1.1,-9.0,1.7,800.2,400.2,487.5,304365.112,302169,0.515,0
FRB20181014D,-9999,-9999,216.04,0.21,-9999,-2.93,0.35,-9999,343.2,52.54,11.3,6.9,-9999,-9999.0,-9999.0,-9999,13.6,376.9,0.0,19.6,0.0,39.6,13.9,377.132,0.011,347.1,350.6,0.00197,<0.0021,-9999.0,8.4,5.5,-9999,18.0,11.0,-9999,0,58405.8683847314,8.2e-09,58405.8682716428,8.9e-09,0.00172,0.00017,0.4,2.1,-0.5,2.5,800.2,400.2,624.3,292258.322,291226,0.532,0
FRB20181017B,-9999,-9999,237.76,0.23,-9999,78.5,0.25,-9999,113.05,34.93,58.0,33.0,-9999,60.0,29.0,-9999,12.6,304.1,32.8,8.5,63.1,16.7,18.6,307.369,0.034,263.7,269.9,0.01278,0.0043,0.0013,1.06,0.73,-9999,6.5,3.6,-9999,0,58408.929795329,1.1e-08,58408.92970316,1.5e-08,0.00231,0.00045,61.0,10.0,-77.0,12.0,704.8,499.3,593.2,622489.733,725945,0.417,0
FRB20181018B,-9999,-9999,336.82,0.16,-9999,71.91,0.17,-9999,112.16,12.12,45.0,17.0,-9999,27.0,16.0,-9999,35.6,292.8,58.1,6.4,129.7,14.2,51.3,293.867,0.00093,180.7,139.6,0.00098,<0.00050,-9999.0,5.1,3.5,-9999,7.9,5.2,-9999,0,58409.1941131379,3.2e-09,58409.1940250176,3.2e-09,0.000478,1.3e-05,7.3,0.6,-10.45,0.81,800.2,400.2,567.4,190120.496,183306,0.411,0
FRB20181018C,-9999,-9999,67.15,0.17,-9999,37.57,0.17,-9999,163.43,-7.68,18.4,5.8,-9999,-9999.0,-9999.0,-9999,29.4,409.2,0.0,1.1,0.0,1.9,41.7,411.1927,0.0023,265.0,220.7,0.00098,<0.00051,-9999.0,2.4,1.0,-9999,3.3,1.4,-9999,0,58409.4464391101,4e-09,58409.446315808,4.1e-09,0.000477,1.6e-05,-0.61,0.61,-7.6,1.4,668.2,400.2,400.2,195306.024,193642,0.378,0
FRB20181022C,-9999,-9999,141.56,0.21,-9999,83.81,0.3,-9999,128.56,30.89,105.0,57.0,-9999,110.0,54.0,-9999,15.0,528.9,2.0,0.9,4.1,2.0,14.2,528.473,0.016,478.6,483.8,0.00393,0.00068,0.00018,0.91,0.87,-9999,3.2,2.2,-9999,0,58413.144455733,1.6e-08,58413.144297262,1.6e-08,0.00080,0.00019,2.9,2.2,-14.2,4.2,664.2,400.2,443.9,337840.384,338041,0.457,0
FRB20181022D,-9999,-9999,179.18,0.16,-9999,36.53,0.16,-9999,170.49,75.08,17.4,6.3,-9999,-9999.0,-9999.0,-9999,35.6,512.7,0.0,4.4,0.0,9.1,52.1,514.33426,0.00093,494.2,496.7,0.00197,<0.00063,-9999.0,2.9,1.3,-9999,6.2,2.8,-9999,0,58413.7456487863,4.5e-09,58413.7454945557,4.5e-09,0.000594,1.6e-05,18.2,2.3,-14.4,2.1,800.2,505.7,754.7,398191.143,393370,0.368,0
FRB20181022E,-9999,-9999,221.18,0.21,-9999,27.13,0.22,-9999,39.5,64.85,13.3,7.7,-9999,-9999.0,-9999.0,-9999,15.5,286.3,0.0,1.8,0.0,3.3,18.8,285.986,0.014,264.2,263.9,0.00295,0.000632,9.2e-05,0.69,0.35,-9999,2.08,0.84,-9999,0,58413.859347892,1.2e-08,58413.859262135,1.3e-08,0.00040,0.00015,8.7,2.7,-42.3,9.4,560.3,400.2,443.7,401097.555,400057,0.357,0
FRB20181025A,-9999,-9999,105.78,0.2,-9999,64.25,0.2,-9999,151.66,25.49,28.0,15.0,-9999,-9999.0,-9999.0,-9999,18.8,590.4,0.0,1.3,0.0,2.4,20.8,592.5644,0.0044,530.9,529.5,0.00197,0.000257,4.2e-05,1.52,0.58,-9999,2.68,0.99,-9999,0,58416.535717286,1.3e-08,58416.535539597,1.3e-08,0.000355,8.1e-05,-3.15,0.95,-0.1,1.6,800.2,400.2,400.2,374899.121,373913,0.399,0
FRB20181027A,-9999,-9999,131.9,0.22,-9999,-4.24,0.34,-9999,231.12,23.4,11.6,7.1,-9999,-9999.0,-9999.0,-9999,15.9,726.3,0.0,7.3,0.0,15.2,22.3,727.744,0.0064,663.7,670.0,0.0059,0.00472,0.00075,4.9,3.5,-9999,22.0,15.0,-9999,0,58418.598616986,1.4e-08,58418.598398762,1.4e-08,0.00072,0.00014,-0.4,6.9,6.1,6.0,800.2,530.0,800.2,406922.127,405833,0.565,0
FRB20181030D,-9999,-9999,81.79,0.18,-9999,16.07,0.21,-9999,188.68,-10.44,13.8,6.1,-9999,-9999.0,-9999.0,-9999,21.5,289.5,0.0,4.2,0.0,7.3,29.2,289.4422,0.003,165.9,103.1,0.00295,0.00087,0.00012,2.74,0.9,-9999,5.9,1.9,-9999,0,58421.452842536,1.2e-08,58421.452755742,1.2e-08,0.000362,6.1e-05,1.51,0.93,-3.0,1.1,800.2,400.2,514.8,342675.375,342297,0.45,0
FRB20181030E,-9999,-9999,135.67,0.012,-9999,8.89,0.19,-9999,220.25,33.16,14.1,4.9,-9999,-9999.0,-9999.0,-9999,24.3,158.5,0.0,5.5,0.0,11.3,37.7,159.6902,0.0041,109.8,113.7,0.0059,0.000973,6.9e-05,2.0,1.5,-9999,6.3,3.9,-9999,0,58421.6014,0.0082,58421.6013,0.0082,<0.00040,-9999.0,22.3,1.8,-69.0,4.9,564.8,400.2,470.5,334358.342,332569,0.466,0
FRB20181104C,-9999,-9999,77.05,0.14,-9999,17.44,0.15,-9999,184.96,-13.47,17.0,3.4,-9999,-9999.0,-9999.0,-9999,62.2,580.7,0.0,5.8,0.0,10.1,101.3,580.81762,0.00051,475.5,429.7,0.00098,<0.00048,-9999.0,9.7,2.7,-9999,20.7,5.7,-9999,1,58426.4271563405,2.2e-09,58426.4269821738,2.3e-09,0.00146,0.00014,7.4,1.7,-10.9,2.2,800.2,400.2,561.0,354822.311,348373,0.44,0
FRB20181115A,-9999,-9999,142.98,0.039,-9999,56.4,0.18,-9999,159.11,44.2,23.0,11.0,-9999,-9999.0,-9999.0,-9999,18.8,981.8,0.0,1.7,0.0,2.8,25.2,981.613,0.016,941.6,951.8,0.00492,<0.0021,-9999.0,0.44,0.2,-9999,1.92,0.47,-9999,0,58437.5798384896,2.7e-09,58437.5795441385,5.4e-09,0.00183,0.00012,19.6,2.5,-62.0,7.3,568.4,400.2,468.8,329974.605,328314,0.473,0
FRB20181116A,-9999,-9999,36.05,0.043,-9999,4.52,0.23,-9999,161.75,-51.22,12.7,6.0,-9999,-9999.0,-9999.0,-9999,25.3,354.2,0.0,2.9,0.0,4.9,35.9,355.433,0.0018,318.3,326.4,0.00197,<0.00047,-9999.0,4.0,1.4,-9999,5.23,0.91,-9999,0,58438.2812218341,1.7e-09,58438.2811152523,1.8e-09,0.000439,1.7e-05,2.37,0.7,-11.0,1.4,704.7,400.2,445.8,136752.629,134058,0.569,0
FRB20181116B,-9999,-9999,232.66,0.2,-9999,64.94,0.056,-9999,100.53,44.64,22.0,17.0,-9999,-9999.0,-9999.0,-9999,16.0,409.2,0.0,1.2,0.0,2.0,25.8,409.876,0.018,373.5,380.6,0.00393,0.000171,2.5e-05,0.74,0.24,-9999,1.92,0.4,-9999,0,58438.8235451294,2.6e-09,58438.823422222,5.9e-09,0.000642,7.9e-05,-8.8,1.7,-4.7,7.5,505.5,400.2,400.2,304225.793,303385,0.513,0
FRB20181117C,-9999,-9999,53.21,0.17,-9999,25.73,0.18,-9999,162.76,-24.4,14.9,6.8,-9999,-9999.0,-9999.0,-9999,28.3,1776.0,0.0,1.0,0.0,1.4,36.0,1773.7387,0.0011,1707.6,1705.2,0.00393,0.00237,0.00016,1.57,0.53,-9999,3.0,1.1,-9999,0,58439.3255450566,1.9e-09,58439.3250131752,1.9e-09,<0.00010,-9999.0,48.6,5.1,-46.3,4.8,800.2,541.2,676.5,227516.73,225785,0.508,0
FRB20181117A,-9999,-9999,147.73,0.22,-9999,52.51,0.22,-9999,163.13,48.07,19.0,11.0,-9999,-9999.0,-9999.0,-9999,12.2,960.8,0.0,3.8,0.0,7.6,13.5,959.28,0.016,921.2,932.6,0.0059,<0.0028,-9999.0,0.61,0.49,-9999,3.1,1.7,-9999,0,58439.5844513635,6.3e-09,58439.5841637094,7.9e-09,0.00234,0.00025,1.0,1.6,-0.6,2.1,800.2,400.2,800.2,338484.086,338042,0.457,0
FRB20181117B,-9999,-9999,81.09,0.19,-9999,79.99,0.099,-9999,133.04,23.06,69.0,38.0,-9999,58.0,37.0,-9999,17.1,540.2,4.4,1.3,8.0,2.6,18.9,538.2,0.0081,473.2,470.1,0.00786,<0.0013,-9999.0,3.6,3.2,-9999,11.0,6.9,-9999,1,58439.8963540732,3.3e-09,58439.8961926861,4.1e-09,0.00128,0.0002,11.4,4.4,-31.2,8.7,630.4,400.2,480.4,294874.296,294261,0.527,0
FRB20181118B,-9999,-9999,58.28,0.19,-9999,10.79,0.26,-9999,178.42,-31.89,11.8,6.9,-9999,-9999.0,-9999.0,-9999,18.1,422.2,0.0,2.7,0.0,5.3,19.5,422.2771,0.0089,369.2,364.5,0.00393,<0.0018,-9999.0,0.78,0.53,-9999,3.2,1.9,-9999,0,58440.3357948862,4.7e-09,58440.3356682603,5.4e-09,0.00161,0.00012,5.3,1.3,-9.1,1.9,800.2,400.2,534.8,368797.13,366618,0.411,0
FRB20181119D,FRB121102,FRB20121102A,82.994575,4e-07,RA from Chaterjee et al. (2017),33.147941,4e-06,Dec from Chaterjee et al. (2017),174.88,-0.22,17.04,0.0,No error on exposure due to precise position. See Section 2.2.,-9999.0,-9999.0,-9999,23.7,595.2,0.0,12.0,0.0,21.8,41.8,564.367,0.043,375.9,277.3,0.03637,<0.0069,-9999.0,0.46,0.28,-9999,12.6,5.5,-9999,2,58441.401872293,3.8e-08,58441.401703059,4e-08,0.0081,0.0027,75.0,23.0,-98.0,32.0,684.6,503.6,587.2,1288631.088,1285296,0.41,0
FRB20181119C,-9999,-9999,190.1,0.17,-9999,82.16,0.21,-9999,123.39,34.96,86.0,44.0,-9999,87.0,45.0,-9999,27.0,283.1,2.9,1.1,5.5,2.1,40.7,284.9594,0.0025,240.3,247.0,0.00098,<0.00048,-9999.0,2.8,1.3,-9999,3.5,1.6,-9999,0,58441.7128369598,2.8e-09,58441.7127515106,2.9e-09,0.000449,1.6e-05,-1.81,0.62,-5.7,1.5,657.7,400.2,400.2,187590.083,186042,0.402,0
FRB20181122A,-9999,-9999,60.04,0.22,-9999,55.48,0.22,-9999,147.51,1.89,21.0,12.0,-9999,-9999.0,-9999.0,-9999,12.2,661.6,0.0,1.2,0.0,2.2,14.9,662.821,0.015,466.7,364.1,0.00295,0.000182,5.8e-05,0.53,0.26,-9999,1.42,0.59,-9999,0,58444.3279109816,2.9e-09,58444.3277122252,5.4e-09,0.00068,0.00014,-4.9,1.7,0.6,3.2,661.4,400.2,400.2,386618.096,385465,0.381,0
FRB20181122B,-9999,-9999,281.08,0.16,-9999,85.02,0.088,-9999,117.34,27.17,113.0,70.0,-9999,100.0,73.0,-9999,64.9,224.8,3.5,1.9,6.4,3.5,122.9,225.75547,0.00071,171.4,174.7,0.00098,0.0001391,5.6e-06,14.7,7.2,-9999,22.0,11.0,-9999,0,58444.42905271589,2.8e-10,58444.42898501982,3.5e-10,0.000246,1.1e-05,4.86,0.25,-13.27,0.43,729.1,400.2,480.7,201768.605,183913,0.409,0
FRB20181123A,-9999,-9999,300.76,0.023,-9999,55.87,0.18,-9999,89.71,12.94,23.0,11.0,-9999,-9999.0,-9999.0,-9999,17.0,797.4,0.0,2.3,0.0,4.2,19.7,798.718,0.018,694.9,680.8,0.00197,0.00192,0.00054,0.99,0.49,-9999,2.5,1.1,-9999,0,58445.994296863,7.1e-09,58445.9940573556,8.9e-09,0.00058,0.00026,25.6,4.0,-64.3,9.4,590.2,404.2,488.5,400000.022,399449,0.358,0
FRB20181124B,-9999,-9999,318.56,0.17,-9999,29.88,0.18,-9999,76.68,-12.89,13.7,5.2,-9999,-9999.0,-9999.0,-9999,29.0,800.7,0.0,2.4,0.0,4.2,33.8,801.6446,0.0039,696.7,717.8,0.00393,0.000204,4.3e-05,2.61,0.91,-9999,4.8,1.6,-9999,0,58446.0442020446,1.6e-09,58446.0439616598,2e-09,0.001119,6.2e-05,-1.43,0.57,2.32,0.76,800.2,400.2,800.2,303747.982,301049,0.344,0
FRB20181125A,-9999,-9999,147.94,0.18,-9999,33.93,0.041,-9999,191.59,51.02,9.0,8.7,-9999,-9999.0,-9999.0,-9999,18.3,278.2,0.0,2.9,0.0,5.7,34.5,272.19,0.02,234.2,247.6,0.01475,<0.0015,-9999.0,0.39,0.33,-9999,3.2,2.0,-9999,2,58447.567716883,1.1e-08,58447.567635263,1.2e-08,0.00158,0.00044,7.3,8.2,-58.0,40.0,520.9,400.2,426.5,614002.141,611936,0.345,0
FRB20181126A,-9999,-9999,262.05,0.18,-9999,81.17,0.19,-9999,113.4,29.94,75.0,44.0,-9999,61.0,39.0,-9999,51.6,493.3,8.8,3.3,17.5,6.5,111.0,494.2168,0.0029,444.6,449.6,0.00197,0.000165,2.1e-05,3.5,2.1,-9999,9.4,5.1,-9999,0,58448.87558304407,7.5e-10,58448.875434846,1.1e-09,0.000407,2.5e-05,17.93,0.67,-90.7,2.9,518.1,400.2,441.8,420100.63,407961,0.345,0
FRB20181127A,-9999,-9999,243.8,0.23,-9999,25.43,0.25,-9999,42.85,44.61,11.8,8.0,-9999,-9999.0,-9999.0,-9999,15.7,930.1,0.0,2.9,0.0,5.3,27.6,930.317,0.012,898.1,901.2,0.00393,0.000582,9e-05,0.78,0.46,-9999,2.9,1.3,-9999,0,58449.8237182904,4.3e-09,58449.8234393213,5.6e-09,0.00074,0.00013,18.5,2.2,-51.3,5.6,592.3,400.2,479.3,407208.462,406745,0.347,0
FRB20181128A,181128.J0456+63,FRB20181128A,73.92,0.14,-9999,63.22,0.073,-9999,146.73,12.3,13.0,13.0,A significant fraction of the localization region of the burst is falling between the FWHM of two beams resulting in a large error on the exposure. See Section 2.2.,-9999.0,-9999.0,-9999,23.4,446.4,0.0,5.9,0.0,25.6,35.7,450.3823,0.0092,338.0,298.4,0.02163,0.00399,0.0005,0.64,0.37,-9999,8.1,3.8,-9999,1,58450.352565152,8.5e-09,58450.3524300983,8.9e-09,0.00182,0.00036,15.1,2.7,-40.9,6.9,610.4,400.2,481.5,800131.22,796468,0.36,0
FRB20181128B,-9999,-9999,157.22,0.2,-9999,38.28,0.048,-9999,183.27,58.24,12.2,9.1,-9999,-9999.0,-9999.0,-9999,13.3,454.5,0.0,1.3,0.0,2.4,17.2,456.548,0.027,423.0,435.9,0.0059,0.00044,0.00011,0.34,0.21,-9999,1.95,0.85,-9999,0,58450.5853709007,4.4e-09,58450.5852339982,9.3e-09,0.00168,0.00027,-3.5,1.4,-2.2,2.9,661.3,400.2,400.2,400872.001,399449,0.358,0
FRB20181128D,-9999,-9999,215.62,0.031,-9999,59.93,0.12,-9999,103.82,53.69,30.9,6.7,-9999,-9999.0,-9999.0,-9999,47.0,147.2,0.0,1.0,0.0,1.9,55.3,146.5012,0.0037,113.8,121.3,0.00197,0.0001059,1.4e-06,2.6,1.1,-9999,7.0,2.9,-9999,0,58450.74540773198,7.4e-10,58450.7453638015,1.3e-09,0.001071,4.2e-05,-2.48,0.35,0.28,0.58,800.2,400.2,400.2,356532.355,354457,0.431,0
FRB20181129A,-9999,-9999,355.12,0.18,-9999,44.95,0.17,-9999,109.96,-16.13,18.7,7.8,-9999,-9999.0,-9999.0,-9999,25.4,386.6,0.0,2.4,0.0,4.5,34.7,385.9684,0.0019,299.2,305.5,0.00295,<0.00064,-9999.0,1.52,0.79,-9999,3.1,1.5,-9999,0,58451.1306265636,3.9e-09,58451.1305108254,3.9e-09,0.000588,2.4e-05,2.7,0.66,-5.21,0.97,800.2,400.2,518.2,400085.882,397626,0.361,0
FRB20181129C,-9999,-9999,233.38,0.19,-9999,40.03,0.19,-9999,64.61,54.23,16.6,8.2,-9999,-9999.0,-9999.0,-9999,18.3,503.0,0.0,3.7,0.0,6.6,23.1,502.2158,0.0097,475.7,477.5,0.00492,0.00164,0.00031,0.77,0.31,-9999,3.6,1.2,-9999,0,58451.7919478849,6.5e-09,58451.7917972882,7.1e-09,0.00118,0.00014,2.1,1.3,-3.2,1.5,800.2,400.2,560.6,388487.846,386073,0.38,0
FRB20181130A,-9999,-9999,355.19,0.031,-9999,46.49,0.17,-9999,110.46,-14.66,15.9,9.4,-9999,-9999.0,-9999.0,-9999,20.9,218.4,0.0,0.8,0.0,1.6,43.7,220.0896,0.0037,125.0,129.9,0.00098,<0.00051,-9999.0,0.97,0.56,-9999,1.27,0.69,-9999,0,58452.1271943203,3.4e-09,58452.1271283232,3.6e-09,0.000480,1.6e-05,2.7,1.3,-45.7,6.4,515.9,400.2,412.1,200690.165,198810,0.361,0
FRB20181201B,-9999,-9999,273.38,0.22,-9999,56.31,0.21,-9999,84.88,27.43,22.0,12.0,-9999,-9999.0,-9999.0,-9999,14.2,875.1,0.0,1.7,0.0,3.1,17.4,876.577,0.016,825.3,831.1,0.00393,<0.0026,-9999.0,0.66,0.29,-9999,2.24,0.9,-9999,0,58453.893464519,1e-08,58453.893201664,1.1e-08,0.00224,0.00018,0.4,1.2,-2.9,1.9,800.2,400.2,429.4,400718.546,398234,0.36,0
FRB20181202A,-9999,-9999,351.01,0.17,-9999,17.36,0.2,-9999,94.98,-40.72,14.1,5.9,-9999,-9999.0,-9999.0,-9999,27.0,669.6,0.0,8.1,0.0,14.2,40.6,667.9546,0.0047,629.2,636.8,0.00688,0.00404,0.0004,2.63,0.95,-9999,13.7,4.5,-9999,0,58454.1122879321,2.9e-09,58454.1120876361,3.3e-09,0.00059,0.0001,4.27,0.73,-9.1,1.0,800.2,400.2,505.7,576251.883,569993,0.39,0
FRB20181202B,-9999,-9999,202.83,0.2,-9999,64.72,0.2,-9999,116.05,51.87,27.0,15.0,-9999,-9999.0,-9999.0,-9999,16.1,826.5,0.0,4.7,0.0,8.4,20.1,825.8834,0.0068,792.2,800.0,0.00492,0.00224,0.00038,0.99,0.41,-9999,4.1,1.3,-9999,0,58454.6974618461,9.3e-09,58454.6972141929,9.6e-09,0.00061,0.00013,5.0,1.7,-6.4,2.0,800.2,400.2,590.1,326665.354,327705,0.474,0
FRB20181203A,-9999,-9999,33.6,0.027,-9999,23.57,0.19,-9999,146.43,-35.49,14.9,6.6,-9999,-9999.0,-9999.0,-9999,19.2,635.7,0.0,2.0,0.0,3.5,29.4,635.9255,0.0023,589.2,597.3,0.00295,0.00144,0.0002,1.74,0.74,-9999,3.6,1.2,-9999,0,58455.2258682095,6.6e-09,58455.225677518,6.7e-09,0.000171,8.4e-05,13.2,5.4,-8.5,4.8,800.2,515.2,800.2,370958.179,370265,0.405,0
FRB20181203B,-9999,-9999,47.31,0.004,-9999,24.02,0.12,-9999,159.14,-29.0,16.1,5.5,-9999,-9999.0,-9999.0,-9999,25.6,373.6,0.0,3.4,0.0,6.0,35.4,375.3871,0.0041,318.7,321.5,0.00393,0.00232,0.00033,1.45,0.59,-9999,4.5,1.5,-9999,0,58455.2661702794,1.8e-09,58455.2660577141,2.1e-09,0.000578,7.4e-05,47.8,5.2,-43.6,4.7,800.2,550.8,693.2,374536.612,372089,0.402,0
FRB20181213A,-9999,-9999,127.66,0.2,-9999,73.87,0.1,-9999,140.39,32.8,45.0,23.0,-9999,43.3,6.7,-9999,16.1,677.7,10.5,1.6,19.1,3.0,21.6,678.672,0.015,630.1,635.9,0.00295,<0.0016,-9999.0,0.88,0.4,-9999,3.2,1.1,-9999,0,58465.4640147195,2e-09,58465.4638112099,4.9e-09,0.001359,9.9e-05,-3.17,0.85,2.3,1.3,800.2,400.2,400.2,441492.962,440794,0.292,0
FRB20181213B,-9999,-9999,183.52,0.22,-9999,53.7,0.23,-9999,134.96,62.55,19.0,11.0,-9999,-9999.0,-9999.0,-9999,12.3,626.0,0.0,3.3,0.0,6.7,16.3,626.593,0.015,596.0,604.7,0.00492,<0.0012,-9999.0,0.75,0.47,-9999,1.7,1.0,-9999,0,58465.6161327748,3.8e-09,58465.6159448817,5.9e-09,0.00085,0.00016,45.6,9.7,-45.1,9.5,800.2,529.6,664.0,447673.98,445658,0.284,0
FRB20181214A,-9999,-9999,70.0,0.18,-9999,43.07,0.18,-9999,160.82,-2.37,17.5,8.3,-9999,-9999.0,-9999.0,-9999,25.4,467.5,0.0,0.3,0.0,0.5,45.2,468.148,0.011,283.9,206.0,0.00295,0.000442,8e-05,0.156,0.084,-9999,0.41,0.17,-9999,0,58466.2973974782,2.1e-09,58466.2972570972,3.8e-09,0.000533,7.4e-05,23.3,2.1,-139.0,11.0,494.6,400.2,435.0,445007.866,443225,0.288,0
FRB20181214C,-9999,-9999,175.93,0.12,-9999,60.02,0.048,-9999,137.68,55.13,28.0,10.0,-9999,-9999.0,-9999.0,-9999,29.1,632.4,0.0,1.6,0.0,2.8,39.9,632.7849,0.0039,599.5,608.6,0.0059,0.00163,0.00016,1.2,0.42,-9999,5.0,1.6,-9999,0,58466.5948243698,1.5e-09,58466.59463462,1.9e-09,0.000631,7.7e-05,-2.54,0.49,-0.08,0.75,800.2,400.2,400.2,454048.39,451737,0.274,0
FRB20181215B,-9999,-9999,254.81,0.17,-9999,47.56,0.03,-9999,73.62,38.24,14.1,9.5,-9999,-9999.0,-9999.0,-9999,24.8,493.3,0.0,2.0,0.0,4.0,29.8,494.0142,0.0019,453.4,461.5,0.00197,<0.00061,-9999.0,1.9,1.0,-9999,2.9,1.5,-9999,0,58467.80606538831,8e-10,58467.80591725094,9.7e-10,0.000559,2.7e-05,4.7,0.87,-6.0,1.1,800.2,400.2,590.2,446582.692,439578,0.294,0
FRB20181217A,-9999,-9999,290.5,0.21,-9999,59.8,0.22,-9999,90.99,19.55,23.0,14.0,-9999,-9999.0,-9999.0,-9999,12.5,1175.9,0.0,2.7,0.0,5.0,15.8,1177.1666,0.0058,1107.4,1108.4,0.00295,<0.0012,-9999.0,0.64,0.24,-9999,1.76,0.63,-9999,0,58469.8991823397,4.7e-09,58469.8988293491,5e-09,0.001015,9e-05,5.0,1.9,-4.9,2.2,800.2,400.2,663.5,435233.794,434106,0.303,0
FRB20181218A,-9999,-9999,5.06,0.19,-9999,71.35,0.076,-9999,120.42,8.63,34.0,21.0,-9999,37.6,8.8,-9999,18.6,1873.1,10.2,1.2,21.5,2.5,30.8,1874.406,0.028,1727.2,1646.0,0.0059,0.000221,6.2e-05,0.83,0.56,-9999,1.59,0.98,-9999,0,58470.1095669108,2.5e-09,58470.1090048427,8.7e-09,0.00139,0.00015,19.0,2.2,-83.6,8.5,529.3,400.2,448.4,300374.013,302393,0.341,0
FRB20181219B,-9999,-9999,180.79,0.19,-9999,71.55,0.35,-9999,128.31,45.07,38.0,20.0,-9999,29.0,15.0,-9999,23.1,1950.7,3.6,0.4,7.6,0.8,43.0,1952.166,0.003,1914.9,1923.0,0.00492,0.00526,0.00041,4.6,4.1,-9999,27.0,22.0,-9999,0,58471.0887822727,2.3e-09,58471.0881968872,2.4e-09,0.000574,7.5e-05,-4.2,2.1,10.3,2.0,800.2,555.5,800.2,783212.817,772153,0.38,0
FRB20181219C,-9999,-9999,17.77,0.2,-9999,14.11,0.23,-9999,130.13,-48.49,12.8,6.6,-9999,-9999.0,-9999.0,-9999,18.6,648.6,0.0,0.3,0.0,0.5,27.7,647.891,0.011,611.7,620.7,0.00295,0.000530,7.3e-05,0.208,0.091,-9999,0.57,0.19,-9999,0,58471.1400314405,3.5e-09,58471.1398371608,4.9e-09,0.00126,0.00011,-1.0,0.81,-4.6,1.6,735.5,400.2,400.2,434767.94,432281,0.306,0
FRB20181220A,-9999,-9999,346.11,0.16,-9999,48.43,0.16,-9999,105.24,-10.73,19.1,8.2,-9999,-9999.0,-9999.0,-9999,27.6,208.7,0.0,1.1,0.0,2.1,40.1,209.4017,0.005,83.6,87.3,0.00295,0.000457,3.1e-05,1.33,0.82,-9999,3.0,1.7,-9999,0,58472.0466636192,2.6e-09,58472.046600827,3e-09,0.000435,5.7e-05,-5.26,0.62,-1.3,1.5,596.4,400.2,400.2,434169.841,430457,0.309,0
FRB20181220B,-9999,-9999,277.37,0.22,-9999,84.87,0.3,-9999,117.17,27.5,134.0,67.0,-9999,134.0,67.0,-9999,13.4,257.2,1.9,1.0,4.0,2.1,24.7,257.7994,0.0033,204.2,207.6,0.00197,<0.00062,-9999.0,2.9,1.8,-9999,3.8,2.6,-9999,0,58472.3547760099,4.5e-09,58472.354698705,4.6e-09,0.000558,3.2e-05,0.45,0.85,-4.8,1.5,800.2,400.2,419.5,408195.586,409178,0.343,0
FRB20181221A,-9999,-9999,230.58,0.2,-9999,25.86,0.21,-9999,39.52,56.34,13.4,7.6,-9999,-9999.0,-9999.0,-9999,18.6,313.8,0.0,4.5,0.0,8.0,78.8,316.237,0.013,291.8,292.0,0.00492,0.001323,6.6e-05,1.25,0.49,-9999,5.8,2.0,-9999,0,58473.7240196762,2e-09,58473.723924848,4.2e-09,0.000754,8.3e-05,62.1,2.4,-128.0,4.9,583.3,446.1,510.1,443691.859,440185,0.293,0
FRB20181221B,-9999,-9999,306.31,0.004,-9999,80.98,0.028,-9999,113.93,23.25,74.0,41.0,-9999,71.0,40.0,-9999,26.7,1392.7,5.6,2.0,11.0,4.0,52.1,1395.021,0.0081,1333.1,1333.1,0.00295,<0.0011,-9999.0,0.97,0.64,-9999,3.3,1.7,-9999,0,58473.9414393568,1.1e-09,58473.9410210394,2.7e-09,0.001037,5e-05,25.3,1.4,-61.2,3.4,597.6,405.4,492.2,433142.381,431066,0.308,0
FRB20181222E,-9999,-9999,50.64,0.044,-9999,86.97,0.25,-9999,124.97,24.72,220.0,100.0,-9999,210.0,96.0,-9999,17.7,328.4,4.3,3.1,8.6,6.4,36.7,327.9797,0.0048,268.1,268.2,0.00393,0.00079,0.00012,1.12,0.7,-9999,5.5,3.2,-9999,1,58474.7188955594,3.7e-09,58474.7187972099,4e-09,0.00091,0.00026,9.9,3.5,-23.8,6.8,672.3,400.2,492.8,1011125.194,1010788,0.351,0
FRB20181223B,-9999,-9999,174.89,0.22,-9999,21.59,0.24,-9999,227.74,72.74,12.4,7.2,-9999,-9999.0,-9999.0,-9999,12.4,564.5,0.0,6.4,0.0,11.0,21.3,565.655,0.019,540.2,545.7,0.00885,0.0035,0.0012,0.68,0.33,-9999,4.1,1.1,-9999,0,58475.5631931148,9e-09,58475.563023495,1.1e-08,0.00157,0.00031,33.3,5.0,-41.0,5.9,761.2,473.8,600.6,656809.462,655721,0.298,0
FRB20181223C,-9999,-9999,181.05,0.19,-9999,27.58,0.2,-9999,207.75,79.51,11.6,6.3,-9999,-9999.0,-9999.0,-9999,19.5,111.6,0.0,2.1,0.0,3.7,28.3,112.5118,0.0035,92.6,93.4,0.00197,0.000107,2.1e-05,1.36,0.51,-9999,2.84,0.93,-9999,0,58475.5802331753,1.3e-09,58475.580199437,1.6e-09,0.000508,3.8e-05,2.68,0.79,-7.4,1.3,800.2,400.2,479.2,447393.219,446265,0.283,0
FRB20181224A,-9999,-9999,355.11,0.025,-9999,44.56,0.078,-9999,109.84,-16.5,23.8,2.0,-9999,-9999.0,-9999.0,-9999,65.0,308.9,0.0,1.0,0.0,2.0,104.1,310.20644,0.0004,225.2,231.9,0.00197,<0.00040,-9999.0,4.3,2.3,-9999,3.3,1.8,-9999,0,58476.06173261698,4.4e-10,58476.06163959704,4.6e-10,0.0003868,5.3e-06,3.85,0.23,-6.08,0.33,800.2,400.2,549.5,233053.656,219178,0.296,0
FRB20181224B,-9999,-9999,45.36,0.21,-9999,46.14,0.21,-9999,145.22,-11.03,17.0,9.8,-9999,-9999.0,-9999.0,-9999,14.0,779.6,0.0,2.2,0.0,4.4,22.4,781.0087,0.0099,659.7,640.3,0.00885,0.00206,0.0004,0.77,0.49,-9999,3.1,1.7,-9999,0,58476.2033684574,4.1e-09,58476.2031342605,5.1e-09,0.00092,0.00016,-1.8,0.9,-0.9,1.4,800.2,400.2,400.2,434116.583,432889,0.305,0
FRB20181224E,-9999,-9999,239.32,0.034,-9999,7.32,0.2,-9999,17.52,41.77,15.4,3.6,-9999,-9999.0,-9999.0,-9999,32.4,580.7,0.0,2.9,0.0,5.5,42.1,581.8537,0.0041,545.3,549.3,0.00197,<0.0011,-9999.0,3.6,2.0,-9999,10.3,4.9,-9999,1,58476.7396451009,6.5e-09,58476.7394706235,6.6e-09,0.00102,0.00018,-3.7,2.1,3.6,3.2,800.2,400.2,400.2,410322.544,404917,0.35,0
FRB20181225B,-9999,-9999,36.77,0.23,-9999,88.2,0.26,-9999,123.74,25.48,420.0,130.0,-9999,360.0,140.0,-9999,19.1,299.2,9.1,6.7,19.0,13.4,27.6,299.2875,0.0049,241.0,242.3,0.00295,<0.0014,-9999.0,1.9,1.0,-9999,7.5,3.8,-9999,0,58477.2151455792,2.3e-09,58477.2150558335,2.7e-09,0.001297,6.6e-05,6.8,1.0,-10.1,1.5,800.2,400.2,560.7,434409.23,431066,0.308,0
FRB20181226C,-9999,-9999,349.05,0.19,-9999,44.94,0.18,-9999,105.75,-14.73,17.2,8.8,-9999,-9999.0,-9999.0,-9999,18.8,409.2,0.0,1.0,0.0,2.2,25.3,409.0184,0.0065,315.0,322.4,0.00393,0.00198,0.00027,0.88,0.51,-9999,2.7,1.4,-9999,0,58478.0431588484,3.9e-09,58478.0430361982,4.4e-09,0.00063,0.00012,-1.09,0.81,-1.9,1.2,800.2,400.2,400.2,369985.472,367833,0.409,0
FRB20181226D,-9999,-9999,120.22,0.17,-9999,22.16,0.046,-9999,199.59,24.7,11.7,7.4,-9999,-9999.0,-9999.0,-9999,24.2,386.6,0.0,1.5,0.0,2.8,34.7,385.3778,0.0025,320.4,306.2,0.00197,<0.00062,-9999.0,1.89,0.83,-9999,3.0,1.4,-9999,0,58478.4036619006,2.3e-09,58478.4035463394,2.5e-09,0.000571,2.3e-05,0.44,0.64,-5.2,1.2,800.2,400.2,417.2,445755.474,444442,0.286,0
FRB20181226B,-9999,-9999,182.66,0.039,-9999,12.43,0.2,-9999,267.9,72.47,14.7,4.8,-9999,-9999.0,-9999.0,-9999,52.4,287.9,0.0,14.7,0.0,25.7,176.6,287.0364,0.0017,259.3,266.3,0.00197,0.001098,4.2e-05,8.9,3.1,-9999,52.0,17.0,-9999,2,58478.5770323965,2.3e-09,58478.5769463245,2.4e-09,0.001004,7.6e-05,11.5,1.5,-18.1,1.9,784.9,400.2,549.7,677496.762,642943,0.312,0
FRB20181226E,-9999,-9999,303.56,0.21,-9999,73.64,0.22,-9999,106.6,20.42,43.0,23.0,-9999,43.4,7.1,-9999,16.5,308.9,4.7,0.8,9.3,1.5,20.9,308.762,0.015,239.9,237.5,0.00295,<0.0013,-9999.0,0.48,0.42,-9999,1.35,0.77,-9999,0,58478.9102553349,4.4e-09,58478.9101627482,6.4e-09,0.001169,8.3e-05,-5.8,2.5,-3.4,5.8,558.3,400.2,400.2,329480.425,325882,0.477,0
FRB20181228A,-9999,-9999,7.26,0.21,-9999,10.22,0.27,-9999,113.91,-52.26,11.9,6.9,-9999,-9999.0,-9999.0,-9999,12.6,748.9,0.0,4.5,0.0,8.7,18.1,748.6791,0.0089,714.5,723.1,0.00295,<0.0013,-9999.0,1.16,0.9,-9999,4.0,2.1,-9999,0,58480.0852051871,5.9e-09,58480.0849806848,6.4e-09,0.001088,8.5e-05,5.2,1.5,-13.6,3.0,731.4,400.2,484.5,443544.246,443226,0.288,0
FRB20181228B,-9999,-9999,250.43,0.21,-9999,63.85,0.21,-9999,94.64,38.29,27.0,15.0,-9999,-9999.0,-9999.0,-9999,15.5,566.1,0.0,6.9,0.0,61.0,34.6,568.6506,0.0023,528.7,535.2,0.00492,0.001159,7.8e-05,0.4,0.23,-9999,1.67,0.77,-9999,0,58480.7555050835,3.9e-09,58480.7553345654,4e-09,<0.00010,-9999.0,59.3,5.6,-353.0,32.0,471.8,401.5,435.2,427829.591,427417,0.313,0
FRB20181229A,-9999,-9999,137.18,0.18,-9999,42.01,0.17,-9999,179.53,42.69,17.5,7.8,-9999,-9999.0,-9999.0,-9999,23.6,955.9,0.0,3.1,0.0,5.5,31.7,955.5735,0.0036,912.6,923.4,0.00492,0.00240,0.00022,1.18,0.41,-9999,4.0,1.3,-9999,0,58481.4409505009,4.2e-09,58481.4406639582,4.3e-09,0.000376,9.5e-05,3.54,0.91,-6.0,1.1,800.2,400.2,538.1,429095.358,426201,0.315,0
FRB20181230B,-9999,-9999,20.83,0.23,-9999,79.7,0.25,-9999,124.42,16.92,68.0,36.0,-9999,61.0,33.0,-9999,12.8,1135.5,34.6,10.6,67.9,21.4,17.6,1137.36,0.047,1052.4,1034.9,0.01081,0.0045,0.0014,0.88,0.53,-9999,9.7,4.8,-9999,0,58482.110785753,1.7e-08,58482.110444699,2.2e-08,0.00430,0.00066,0.9,1.3,-3.7,1.9,800.2,400.2,450.2,1090752.42,1091353,0.299,0
FRB20181230C,-9999,-9999,245.75,0.22,-9999,50.52,0.21,-9999,78.21,43.9,19.0,10.0,-9999,-9999.0,-9999.0,-9999,14.3,1036.8,0.0,2.7,0.0,5.3,16.5,1037.194,0.004,1000.3,1008.1,0.00295,<0.00090,-9999.0,0.89,0.5,-9999,2.1,1.2,-9999,0,58482.7381494963,1.7e-09,58482.7378384785,2e-09,0.000760,6.8e-05,9.0,2.5,-8.0,2.7,800.2,409.4,699.9,420852.88,423162,0.32,0
FRB20181230D,-9999,-9999,255.3,0.21,-9999,50.51,0.21,-9999,77.36,37.86,19.0,11.0,-9999,-9999.0,-9999.0,-9999,13.3,224.8,0.0,3.0,0.0,6.1,20.0,223.9665,0.002,183.4,191.0,0.00098,<0.00048,-9999.0,1.39,0.76,-9999,2.0,1.2,-9999,0,58482.7663811889,7.3e-09,58482.7663140293,7.3e-09,0.000419,3e-05,0.4,1.1,0.1,1.4,800.2,400.2,800.2,222008.93,222522,0.285,0
FRB20181230E,-9999,-9999,113.26,0.2,-9999,86.85,0.087,-9999,126.43,27.65,220.0,100.0,-9999,209.0,99.0,-9999,13.9,1041.7,5.8,4.1,10.5,7.5,20.5,1041.713,0.042,987.2,990.1,0.01081,0.00303,0.00063,1.32,0.96,-9999,10.4,5.7,-9999,0,58482.859306889,1e-08,58482.858994516,1.6e-08,0.00188,0.00048,6.6,1.6,-16.7,2.8,707.6,400.2,488.0,634587.092,634745,0.32,0
FRB20181231A,-9999,-9999,29.71,0.17,-9999,20.96,0.19,-9999,143.38,-39.22,15.0,6.4,-9999,-9999.0,-9999.0,-9999,28.3,1376.5,0.0,1.5,0.0,2.8,39.3,1376.7324,0.0016,1333.7,1342.5,0.00295,<0.00076,-9999.0,1.09,0.57,-9999,2.2,1.1,-9999,0,58483.1380365388,3.9e-09,58483.1376237054,3.9e-09,0.000705,2.5e-05,9.8,1.1,-9.2,1.2,800.2,412.7,680.4,441472.649,439578,0.294,0
FRB20181231B,-9999,-9999,128.77,0.2,-9999,55.99,0.18,-9999,161.71,36.55,26.9,7.9,-9999,-9999.0,-9999.0,-9999,33.2,199.0,0.0,1.6,0.0,2.9,55.1,197.1697,0.0017,150.3,157.9,0.00295,0.00175,0.00011,0.89,0.3,-9999,2.34,0.73,-9999,0,58483.4138839982,2.8e-09,58483.413824874,2.9e-09,0.000337,4.2e-05,59.6,3.9,-60.0,3.9,800.0,540.6,657.7,403883.925,398841,0.359,0
FRB20181231C,-9999,-9999,197.09,0.2,-9999,69.18,0.21,-9999,120.69,47.87,33.0,19.0,-9999,-9999.0,-9999.0,-9999,18.2,554.8,0.0,0.6,0.0,1.2,27.7,556.086,0.0038,520.6,528.4,0.00197,0.000406,3.8e-05,0.68,0.32,-9999,1.2,0.54,-9999,0,58483.6085431563,5.7e-09,58483.6083764058,5.8e-09,<0.00039,-9999.0,0.41,0.96,-9.6,2.1,667.0,400.2,408.8,202753.208,201545,0.353,0
FRB20190101B,-9999,-9999,307.77,0.23,-9999,29.89,0.23,-9999,70.74,-5.61,11.9,6.7,-9999,-9999.0,-9999.0,-9999,14.0,1321.5,0.0,5.6,0.0,11.2,22.8,1323.9056,0.0045,1089.9,1161.6,0.00295,0.00516,0.00059,1.02,0.64,-9999,4.4,2.5,-9999,0,58484.9052315338,7.8e-09,58484.9048345414,7.9e-09,0.00032,0.00015,41.7,8.5,-36.1,7.4,800.2,554.3,713.6,648715.189,647513,0.307,0
FRB20190102A,-9999,-9999,9.26,0.18,-9999,26.72,0.057,-9999,118.96,-36.04,11.5,8.1,-9999,-9999.0,-9999.0,-9999,22.4,697.1,0.0,2.7,0.0,5.0,50.0,699.1727,0.0064,655.6,664.2,0.00393,0.000986,7.1e-05,1.12,0.52,-9999,4.2,1.7,-9999,0,58485.0758542654,4e-09,58485.0756446083,4.4e-09,0.000824,7.3e-05,28.9,1.8,-67.8,4.0,595.5,411.9,495.2,433565.367,427417,0.313,0
FRB20190102B,-9999,-9999,21.66,0.18,-9999,21.39,0.21,-9999,133.77,-40.74,14.1,6.7,-9999,-9999.0,-9999.0,-9999,22.9,367.2,0.0,2.1,0.0,3.9,31.9,367.1642,0.0037,326.1,335.2,0.00295,<0.00093,-9999.0,1.71,0.72,-9999,3.9,1.7,-9999,0,58485.1138225975,5.6e-09,58485.113712498,5.7e-09,0.000851,3.7e-05,0.6,0.66,-4.4,1.1,800.2,400.2,428.8,444234.411,443226,0.288,0
FRB20190103B,-9999,-9999,93.57,0.026,-9999,19.73,0.21,-9999,191.23,1.07,13.8,6.7,-9999,-9999.0,-9999.0,-9999,15.7,530.5,0.0,13.1,0.0,25.3,26.4,541.129,0.061,354.0,248.7,0.03146,0.0054,0.0015,0.68,0.49,-9999,12.9,6.9,-9999,0,58486.309714071,1.9e-08,58486.309551806,2.7e-08,0.00583,0.00064,7.7,1.3,-16.3,2.1,738.4,400.2,507.0,1278901.943,1276793,0.316,0
FRB20190103C,-9999,-9999,104.19,0.17,-9999,11.07,0.05,-9999,203.64,6.19,9.3,7.5,-9999,-9999.0,-9999.0,-9999,25.1,1349.0,0.0,9.2,0.0,17.6,34.2,1349.133,0.012,1193.6,1127.1,0.00492,0.00076,0.00014,2.3,1.4,-9999,13.4,7.1,-9999,0,58486.3373972077,5.8e-09,58486.3369926505,6.8e-09,0.00193,0.00012,10.6,1.1,-17.3,1.7,783.0,400.2,543.7,433332.994,431673,0.307,0
FRB20190103A,-9999,FRB20181119A,190.53,0.13,-9999,65.13,0.23,-9999,124.52,51.97,28.0,15.0,-9999,-9999.0,-9999.0,-9999,15.7,365.6,0.0,3.7,0.0,7.2,40.0,364.5627,0.0049,330.7,338.8,0.00983,<0.0027,-9999.0,1.11,0.35,-9999,5.4,1.5,-9999,0,58486.5745755496,5e-09,58486.5744662301,5.2e-09,0.002540,8.9e-05,34.0,5.3,-25.5,4.5,800.2,577.5,780.0,432784.05,428634,0.312,0
FRB20190104A,-9999,-9999,70.5,0.2,-9999,35.59,0.2,-9999,166.73,-7.01,15.1,8.0,-9999,-9999.0,-9999.0,-9999,17.2,548.3,0.0,4.1,0.0,7.8,24.4,549.4329,0.0029,397.9,346.9,0.00197,0.000155,4.2e-05,1.45,0.79,-9999,3.9,1.9,-9999,1,58487.2427566577,7.1e-09,58487.2425919022,7.1e-09,0.00080,0.00041,-1.6,4.6,1.3,6.6,800.2,400.2,400.2,439260.771,435316,0.301,0
FRB20190106B,-9999,-9999,335.63,0.18,-9999,46.13,0.18,-9999,97.79,-9.34,20.3,7.1,-9999,-9999.0,-9999.0,-9999,41.2,315.4,0.0,1.5,0.0,3.0,77.2,316.5941,0.0018,174.9,183.7,0.00197,<0.00060,-9999.0,1.7,1.1,-9999,3.8,2.4,-9999,0,58489.9731305591,3.3e-09,58489.9730356238,3.3e-09,0.000578,1.1e-05,16.58,0.83,-68.0,3.0,543.5,400.2,452.1,446087.645,442010,0.29,0
FRB20190107B,-9999,-9999,33.45,0.2,-9999,83.4,0.23,-9999,125.41,20.93,108.0,55.0,-9999,95.0,54.0,-9999,20.6,166.6,4.4,2.0,8.9,4.1,26.8,166.0939,0.003,96.1,89.6,0.00098,<0.00050,-9999.0,2.8,1.7,-9999,4.3,2.5,-9999,0,58490.1404436173,9.5e-09,58490.1403938117,9.6e-09,0.000451,2.4e-05,-1.3,0.86,-3.1,1.6,785.3,400.2,400.2,166068.158,160202,0.485,0
FRB20190110A,-9999,-9999,64.95,0.033,-9999,47.44,0.086,-9999,155.2,-1.95,18.8,8.3,-9999,-9999.0,-9999.0,-9999,29.1,470.7,0.0,1.9,0.0,3.7,63.0,472.7526,0.0078,284.2,206.6,0.00295,0.000381,1.7e-05,1.54,0.94,-9999,3.8,2.3,-9999,0,58493.2122129606,4.8e-09,58493.2120711988,5.3e-09,0.000203,8.1e-05,6.3,1.5,-118.0,11.0,472.7,400.2,411.0,433547.545,432889,0.305,0
FRB20190110B,-9999,-9999,131.68,0.21,-9999,50.16,0.21,-9999,168.91,38.68,18.0,10.0,-9999,-9999.0,-9999.0,-9999,12.3,486.9,0.0,1.8,0.0,3.8,18.8,486.118,0.012,440.6,449.3,0.00885,0.00324,0.00044,0.47,0.34,-9999,1.9,1.4,-9999,0,58493.394505052,1.7e-08,58493.394359282,1.7e-08,0.00075,0.00022,0.2,1.1,-5.0,1.8,800.2,400.2,407.8,593402.249,590969,0.367,0
FRB20190110C,-9999,-9999,246.98,0.19,-9999,41.42,0.05,-9999,65.52,43.85,12.4,9.7,-9999,-9999.0,-9999.0,-9999,15.6,221.6,0.0,1.5,0.0,3.0,28.3,221.961,0.015,186.3,193.0,0.00295,0.000217,3.1e-05,0.64,0.39,-9999,1.4,0.76,-9999,0,58493.7164,0.0047,58493.7163,0.0047,0.000390,7.6e-05,24.5,3.9,-186.0,25.0,477.7,400.2,427.4,433108.955,432281,0.306,0
FRB20190111A,-9999,-9999,217.0,0.15,-9999,26.78,0.12,-9999,37.55,68.51,16.2,5.1,-9999,-9999.0,-9999.0,-9999,64.3,173.1,0.0,3.6,0.0,6.5,131.7,171.96819,0.00082,150.5,150.5,0.0059,0.000535,2.7e-05,3.6,1.4,-9999,17.0,7.2,-9999,2,58494.629061676,5.1e-09,58494.6290101088,5.1e-09,<0.00079,-9999.0,-2.3,1.9,-5.8,4.1,635.8,400.2,400.2,467399.933,433487,0.304,0
FRB20190111B,-9999,-9999,260.02,0.16,-9999,13.53,0.03,-9999,35.24,26.27,4.1,5.6,A significant fraction of the localization region of the burst is falling between the FWHM of two beams resulting in a large error on the exposure. See Section 2.2.,-9999.0,-9999.0,-9999,24.1,1334.4,0.0,0.4,0.0,0.7,32.6,1336.9271,0.0064,1271.8,1285.9,0.00393,0.000199,2.7e-05,0.32,0.13,-9999,0.78,0.28,-9999,0,58494.749331947,1e-08,58494.748931049,1e-08,0.00016,0.00012,1.9,1.0,-17.2,2.9,609.1,400.2,422.5,202964.044,201545,0.353,0
FRB20190115B,-9999,-9999,76.82,0.2,-9999,82.06,0.23,-9999,130.71,23.43,88.0,46.0,-9999,95.0,44.0,-9999,18.2,748.9,9.0,3.5,18.2,7.3,25.2,748.293,0.018,684.5,682.3,0.00393,<0.0018,-9999.0,1.45,0.87,-9999,5.2,3.1,-9999,0,58498.2379771499,2.4e-09,58498.2377527633,5.8e-09,0.00155,0.00011,1.85,0.9,-6.9,1.6,800.2,400.2,457.5,451968.008,441402,0.291,0
FRB20190116A,-9999,FRB20190116B,192.33,0.15,-9999,27.15,0.24,-9999,210.17,89.53,12.8,7.7,-9999,-9999.0,-9999.0,-9999,15.8,446.4,0.0,3.5,0.0,7.0,19.9,445.48,0.21,425.6,425.9,0.01278,<0.0075,-9999.0,0.32,0.15,-9999,3.7,1.4,-9999,0,58499.54692066,4.1e-08,58499.546787075,7.5e-08,0.00554,0.00097,27.7,4.8,-29.8,5.1,800.2,482.3,636.8,881121.956,882810,0.291,0
FRB20190116B,190116.J1249+27,FRB20190116B,192.33,0.15,-9999,27.15,0.24,-9999,210.17,89.53,12.8,7.7,-9999,-9999.0,-9999.0,-9999,12.9,441.6,0.0,3.5,0.0,7.0,21.9,443.549,0.021,423.7,424.0,0.00688,<0.0021,-9999.0,0.46,0.29,-9999,2.0,1.0,-9999,0,58499.5474588367,3.4e-09,58499.547325832,7.2e-09,0.00173,0.00017,20.7,3.0,-54.7,7.6,593.8,400.2,483.6,449484.73,449306,0.278,0
FRB20190116C,-9999,-9999,249.32,0.013,-9999,70.96,0.025,-9999,103.22,36.26,40.0,6.0,-9999,34.4,1.8,-9999,74.4,629.2,2.4,2.4,11.1,11.0,210.6,629.27648,0.00029,587.4,593.6,0.00295,<0.00072,-9999.0,28.0,12.0,-9999,65.0,26.0,-9999,0,58499.70433370568,1.7e-10,58499.70414500793,1.9e-10,0.0007082,4.7e-06,15.36,0.29,-14.81,0.3,800.2,453.1,672.1,495482.371,437754,0.297,0
FRB20190116F,-9999,-9999,261.67,0.21,-9999,75.0,0.23,-9999,106.48,31.58,46.0,26.0,-9999,40.0,18.0,-9999,13.6,315.4,10.9,1.8,19.4,3.4,15.3,316.9203,0.0082,270.1,275.6,0.00295,<0.0015,-9999.0,0.49,0.18,-9999,1.54,0.62,-9999,0,58499.7365435821,2.9e-09,58499.7364485489,3.8e-09,0.00123,0.00013,3.6,1.7,-3.8,2.1,800.2,400.2,637.5,437610.741,438970,0.295,0
FRB20190117D,-9999,-9999,208.87,0.14,-9999,31.68,0.2,-9999,54.84,75.35,11.7,6.3,-9999,-9999.0,-9999.0,-9999,15.7,1175.9,0.0,2.9,0.0,5.3,20.1,1178.063,0.011,1155.5,1157.6,0.00295,0.000405,9.9e-05,0.78,0.4,-9999,3.5,1.5,-9999,0,58500.5875235317,3e-09,58500.5871702722,4.5e-09,0.00126,0.00013,0.4,1.0,-4.3,1.7,800.2,400.2,419.2,433558.119,431673,0.307,0
FRB20190117A,190117.J2207+17,FRB20190117A,331.71,0.15,-9999,17.37,0.26,-9999,76.31,-30.23,12.5,6.9,-9999,-9999.0,-9999.0,-9999,24.2,393.1,0.0,5.6,0.0,10.6,96.9,393.3602,0.0022,345.2,353.3,0.00393,<0.0015,-9999.0,2.5,1.2,-9999,9.9,4.6,-9999,0,58500.92953830941,5.9e-10,58500.92942035461,8.8e-10,0.001494,2.2e-05,55.6,1.7,-117.0,3.5,584.0,441.1,507.6,451873.39,443834,0.287,0
FRB20190118A,-9999,-9999,253.31,0.029,-9999,11.55,0.084,-9999,30.1,31.42,11.6,6.9,-9999,-9999.0,-9999.0,-9999,47.2,224.8,0.0,5.8,0.0,10.3,183.4,225.10795,0.00072,171.7,182.4,0.00197,0.0002824,5.7e-06,9.3,3.5,-9999,18.0,6.6,-9999,0,58501.70991104028,3.6e-10,58501.70984353837,4.2e-10,0.000140,1.6e-05,19.42,0.37,-56.71,0.97,580.9,400.2,474.9,231901.935,213097,0.315,0
FRB20190121A,-9999,-9999,354.74,0.15,-9999,78.6,0.023,-9999,119.26,16.25,23.0,27.0,A significant fraction of the localization region of the burst is falling between the FWHM of two beams resulting in a large error on the exposure. See Section 2.2.,16.0,14.0,-9999,31.3,423.8,18.6,5.3,38.4,10.6,45.8,425.3534,0.0058,338.0,319.1,0.00786,0.00334,0.00031,1.7,1.1,-9999,10.8,6.3,-9999,0,58504.9815914317,2.3e-09,58504.9814638832,2.9e-09,0.00108,0.00011,4.5,0.62,-8.39,0.85,800.2,400.2,523.2,667325.862,654809,0.299,0
FRB20190122C,-9999,-9999,200.6,0.072,-9999,17.57,0.16,-9999,341.32,78.07,17.0,2.4,-9999,-9999.0,-9999.0,-9999,43.2,690.7,0.0,15.1,0.0,29.6,110.7,689.902,0.0078,665.5,669.6,0.01475,0.00010367,6.5e-07,4.2,2.7,-9999,47.0,30.0,-9999,5,58505.551653462,6.2e-08,58505.551446585,6.2e-08,0.0050,0.001,-1.4,1.2,-4.4,2.4,715.1,400.2,400.2,1043356.419,1027488,0.34,0
FRB20190124B,-9999,-9999,214.69,0.089,-9999,28.8,0.17,-9999,42.99,70.67,14.1,4.4,-9999,-9999.0,-9999.0,-9999,14.5,443.2,0.0,5.9,0.0,10.4,41.1,441.3838,0.0098,419.8,420.3,0.01475,0.00706,0.00063,0.97,0.39,-9999,11.7,4.4,-9999,0,58507.5885912081,4e-09,58507.5884588527,4.9e-09,0.00150,0.00018,0.8,0.55,-4.88,0.83,800.2,400.2,434.2,1107926.978,1101993,0.292,0
FRB20190124C,-9999,-9999,217.17,0.047,-9999,28.38,0.17,-9999,41.94,68.49,13.4,5.1,-9999,-9999.0,-9999.0,-9999,47.5,302.5,0.0,3.8,0.0,7.2,148.1,303.644,0.0013,282.2,282.2,0.01376,0.000668,2.3e-05,2.5,1.5,-9999,13.7,7.7,-9999,1,58507.59331717261,8.2e-10,58507.59322612051,9.1e-10,0.001773,5.8e-05,1.31,0.23,-8.59,0.46,724.9,400.2,431.9,424332.183,404308,0.351,0
FRB20190124E,-9999,-9999,297.75,0.21,-9999,20.57,0.24,-9999,57.96,-3.09,12.4,7.4,-9999,-9999.0,-9999.0,-9999,13.6,614.6,0.0,10.1,0.0,20.1,17.4,617.79,0.092,225.8,313.3,0.01868,<0.0075,-9999.0,0.64,0.56,-9999,7.3,4.9,-9999,0,58507.817262262,2.1e-08,58507.817077008,3.5e-08,0.00574,0.00089,9.1,2.1,-10.2,2.5,800.2,400.2,625.6,881223.777,881594,0.292,0
FRB20190124F,-9999,-9999,338.92,0.16,-9999,5.3,0.027,-9999,72.47,-43.87,1.8,3.4,A significant fraction of the localization region of the burst is falling between the FWHM of two beams resulting in a large error on the exposure. See Section 2.2.,-9999.0,-9999.0,-9999,35.9,253.9,0.0,1.9,0.0,3.6,60.2,254.7903,0.005,217.2,225.8,0.00197,0.000164,1.4e-05,3.9,1.9,-9999,6.4,3.2,-9999,0,58507.9302442829,1.2e-09,58507.9301678802,2e-09,0.000733,3.9e-05,2.05,0.56,-16.6,1.6,617.4,400.2,425.6,206753.716,203065,0.348,0
FRB20190128B,-9999,-9999,127.44,0.21,-9999,23.29,0.23,-9999,200.92,31.35,12.8,7.6,-9999,-9999.0,-9999.0,-9999,14.1,247.5,0.0,1.7,0.0,2.9,21.4,248.2302,0.0059,191.0,190.8,0.00197,0.000208,5.5e-05,0.81,0.29,-9999,1.64,0.47,-9999,0,58511.3347451133,6e-09,58511.3346706778,6.3e-09,0.000603,6.6e-05,5.3,1.3,-10.3,2.0,800.2,400.2,515.9,452517.417,451129,0.275,0
FRB20190130B,-9999,-9999,172.11,0.16,-9999,16.05,0.072,-9999,238.61,67.8,13.0,5.4,-9999,-9999.0,-9999.0,-9999,23.6,988.3,0.0,2.2,0.0,3.8,65.4,989.0307,0.0036,959.3,968.0,0.00393,0.000769,3.9e-05,0.77,0.36,-9999,2.95,0.94,-9999,0,58513.4540302012,2.4e-09,58513.4537336259,2.7e-09,0.000265,8.8e-05,55.4,2.7,-140.8,6.5,553.6,428.6,487.1,414376.343,409785,0.342,0
FRB20190131E,-9999,-9999,195.65,0.044,-9999,80.92,0.27,-9999,122.39,36.2,71.0,40.0,-9999,72.0,36.0,-9999,20.9,279.8,1.8,0.6,3.3,1.1,50.7,279.8006,0.0025,236.5,243.3,0.00098,0.000164,1.6e-05,3.0,2.0,-9999,5.1,3.4,-9999,0,58514.0116669344,3.3e-09,58514.0115830321,3.4e-09,<0.00023,-9999.0,22.0,1.6,-63.1,4.1,576.8,400.2,476.5,199966.627,197897,0.364,0
FRB20190131D,-9999,-9999,57.46,0.16,-9999,22.75,0.18,-9999,168.11,-24.08,15.0,5.8,-9999,-9999.0,-9999.0,-9999,18.7,642.1,0.0,4.2,0.0,7.9,48.9,642.1218,0.0012,574.6,569.1,0.00197,0.000426,3.1e-05,2.9,1.6,-9999,6.8,3.7,-9999,1,58514.1302172352,9.3e-09,58514.1300246857,9.3e-09,0.000348,7.2e-05,5.3,1.7,-6.9,2.1,800.2,400.2,585.1,424385.421,418900,0.327,0
FRB20190131C,-9999,-9999,166.45,0.22,-9999,10.43,0.27,-9999,241.74,60.05,11.9,6.8,-9999,-9999.0,-9999.0,-9999,13.6,506.3,0.0,2.5,0.0,5.1,21.7,507.7618,0.0027,474.8,484.9,0.00098,<0.00050,-9999.0,0.84,0.66,-9999,2.1,1.6,-9999,0,58514.4322070802,8e-09,58514.4320548204,8e-09,0.000444,2.9e-05,4.5,1.2,-9.9,2.0,800.2,400.2,501.4,204001.903,205194,0.341,0
FRB20190131B,-9999,-9999,354.72,0.24,-9999,11.71,0.23,-9999,96.19,-47.36,13.5,5.8,-9999,-9999.0,-9999.0,-9999,12.2,1801.9,0.0,3.1,0.0,5.6,17.1,1805.729,0.0043,1770.1,1778.2,0.00197,<0.0011,-9999.0,0.99,0.51,-9999,3.3,1.3,-9999,0,58514.95728802,2e-07,58514.95674655,2e-07,0.000920,7.6e-05,16.5,6.5,-11.9,5.9,800.2,514.4,798.1,429293.815,429850,0.31,0
FRB20190201B,-9999,-9999,118.2,0.19,-9999,55.58,0.19,-9999,162.23,30.61,22.0,11.0,-9999,-9999.0,-9999.0,-9999,19.8,748.9,0.0,1.2,0.0,2.4,30.8,749.176,0.01,695.0,698.0,0.00295,0.000572,6.3e-05,0.81,0.44,-9999,2.3,1.2,-9999,0,58515.2952307945,6.1e-09,58515.295006143,6.8e-09,0.00080,0.00011,1.8,1.0,-14.8,2.6,632.1,400.2,425.9,438206.544,437753,0.297,0
FRB20190202A,-9999,-9999,344.2,0.025,-9999,17.1,0.026,-9999,87.49,-37.76,5.7,4.9,-9999,-9999.0,-9999.0,-9999,101.0,305.7,0.0,2.5,0.0,12.2,236.3,307.3605,0.00046,266.6,274.2,0.00197,<0.00072,-9999.0,41.0,18.0,-9999,95.0,41.0,-9999,0,58516.9195391601,1e-09,58516.9194469936,1e-09,0.0007103,4.7e-06,5.13,0.12,-12.38,0.22,757.8,400.2,492.3,432295.688,376346,0.396,0
FRB20190203A,-9999,-9999,133.68,0.17,-9999,70.82,0.19,-9999,143.2,35.48,40.0,17.0,-9999,39.5,2.8,-9999,32.0,418.9,18.7,2.1,35.2,3.9,61.9,420.5727,0.0043,374.7,381.7,0.00393,0.000832,4.1e-05,1.21,0.64,-9999,4.0,1.9,-9999,0,58517.3314062071,3.5e-09,58517.3312800922,3.7e-09,0.000550,5e-05,25.0,1.3,-75.0,3.6,563.4,400.2,472.9,432800.295,429849,0.31,0
FRB20190204B,-9999,-9999,255.92,0.17,-9999,75.87,0.19,-9999,107.94,32.73,55.0,24.0,-9999,47.0,13.0,-9999,28.0,1463.8,13.0,2.6,23.2,4.7,37.1,1464.9393,0.0049,1419.4,1425.0,0.00295,0.000418,7.7e-05,1.35,0.56,-9999,4.4,1.8,-9999,0,58518.6731057754,6.4e-09,58518.6726664919,6.6e-09,0.001022,5.9e-05,6.23,0.85,-8.7,1.1,800.2,400.2,571.7,411901.847,411609,0.339,0
FRB20190206A,-9999,-9999,244.85,0.22,-9999,9.36,0.26,-9999,23.27,37.95,12.5,6.8,-9999,-9999.0,-9999.0,-9999,13.4,187.6,0.0,10.3,0.0,20.8,43.5,188.3364,0.0061,146.9,152.8,0.0059,0.00274,0.00017,1.4,1.3,-9999,9.1,7.0,-9999,0,58520.6329207424,6.2e-09,58520.632864267,6.4e-09,0.000804,9.7e-05,38.0,2.6,-65.7,4.1,644.6,443.2,534.5,612230.916,612857,0.344,0
FRB20190208B,-9999,-9999,91.0,0.13,-9999,80.88,0.035,-9999,132.78,24.91,38.0,30.0,-9999,102.5,3.5,-9999,96.4,713.3,3.8,1.4,7.3,2.6,165.2,714.22009,0.00054,653.6,653.3,0.00098,0.0001167,3.2e-06,10.3,4.6,-9999,14.3,6.3,-9999,0,58522.210288183,1.8e-09,58522.2100740136,1.8e-09,<0.00010,-9999.0,0.69,0.15,-8.02,0.3,713.9,400.2,417.9,237265.402,216745,0.304,0
FRB20190208C,-9999,-9999,141.55,0.037,-9999,83.56,0.22,-9999,128.8,31.03,103.0,55.0,-9999,96.0,55.0,-9999,16.3,237.8,3.8,1.8,7.3,3.6,31.4,238.3921,0.0024,188.7,193.9,0.00098,<0.00045,-9999.0,1.27,0.85,-9999,1.74,0.88,-9999,0,58522.3389507403,9.3e-09,58522.338879255,9.3e-09,0.000411,1.9e-05,18.7,2.0,-54.6,5.6,583.2,400.2,474.9,217644.686,218266,0.299,0
FRB20190208A,190208.J1855+46,FRB20190208A,283.52,0.15,-9999,46.96,0.22,-9999,76.71,19.04,17.4,9.5,-9999,-9999.0,-9999.0,-9999,12.2,579.1,0.0,3.6,0.0,8.0,31.2,579.843,0.012,508.4,514.6,0.03342,0.00122,0.00027,0.39,0.27,-9999,4.9,2.9,-9999,3,58522.737392318,1.1e-08,58522.737218444,1.2e-08,0.00679,0.00084,29.6,6.8,-101.0,24.0,538.7,400.2,463.2,1363946.463,1357034,0.273,0
FRB20190210B,-9999,-9999,104.18,0.16,-9999,23.7,0.16,-9999,192.11,11.66,16.5,4.8,-9999,-9999.0,-9999.0,-9999,43.9,622.7,0.0,1.1,0.0,1.9,66.0,624.1879,0.0021,507.7,460.1,0.00295,0.000364,1.7e-05,2.6,0.68,-9999,5.3,1.5,-9999,0,58524.2336960434,4.8e-09,58524.2335088715,4.9e-09,0.000397,3.5e-05,-2.45,0.34,-3.09,0.67,696.1,400.2,400.2,441315.327,435929,0.3,0
FRB20190210C,-9999,-9999,295.75,0.24,-9999,89.1,0.25,-9999,121.95,26.92,950.0,330.0,-9999,860.0,250.0,-9999,19.7,642.1,3.2,2.2,5.6,4.0,27.3,643.3669,0.0025,588.1,590.7,0.00197,0.000250,4.3e-05,2.37,0.81,-9999,3.6,1.2,-9999,0,58524.252585852,1.2e-08,58524.252392929,1.2e-08,0.000286,5.1e-05,0.35,0.83,-1.5,1.1,800.2,400.2,448.5,399026.111,397625,0.361,0
FRB20190211A,-9999,-9999,67.06,0.19,-9999,68.64,0.2,-9999,140.63,13.59,34.0,18.0,-9999,-9999.0,-9999.0,-9999,20.2,1188.9,0.0,5.1,0.0,8.8,27.8,1188.256,0.0043,1084.4,1050.5,0.00393,0.00329,0.00068,1.47,0.59,-9999,5.8,1.6,-9999,0,58525.1284192624,2.5e-09,58525.1280629464,2.8e-09,0.00036,0.00012,38.9,5.3,-39.3,5.2,800.2,515.0,656.0,669464.741,664841,0.288,0
FRB20190211B,-9999,-9999,299.62,0.22,-9999,61.37,0.22,-9999,94.41,16.1,25.0,14.0,-9999,-9999.0,-9999.0,-9999,12.7,260.4,0.0,1.2,0.0,2.1,18.4,260.7,0.00068,176.2,169.8,0.00098,0.000152,2.2e-05,0.3,0.14,-9999,1.35,0.38,-9999,0,58525.776227264,1.9e-08,58525.776149089,1.9e-08,<0.00010,-9999.0,1.4,1.3,-7.5,2.4,764.9,400.2,440.1,225099.745,223737,0.281,0
FRB20190212B,-9999,-9999,139.99,0.18,-9999,52.11,0.17,-9999,165.49,43.61,21.5,9.0,-9999,-9999.0,-9999.0,-9999,29.0,600.1,0.0,1.2,0.0,2.2,41.6,600.1866,0.0028,559.0,569.8,0.00295,0.000496,3.3e-05,1.55,0.8,-9999,3.7,1.7,-9999,0,58526.3291564894,8.4e-09,58526.3289765147,8.5e-09,0.000226,7.4e-05,-2.05,0.54,-3.6,1.0,702.0,400.2,400.2,419290.847,414041,0.335,0
FRB20190213D,-9999,-9999,336.45,0.021,-9999,52.71,0.14,-9999,101.8,-4.08,22.3,9.2,-9999,-9999.0,-9999.0,-9999,18.7,1344.1,0.0,2.2,0.0,4.2,25.0,1346.8476,0.0022,1112.3,1097.9,0.00197,<0.00070,-9999.0,1.0,0.55,-9999,2.2,1.2,-9999,0,58527.871028438,1.6e-08,58527.870624566,1.6e-08,0.000626,3.7e-05,26.2,4.2,-25.3,4.1,800.2,496.6,671.4,419030.878,417690,0.329,0
FRB20190214C,-9999,-9999,218.87,0.037,-9999,19.36,0.21,-9999,20.45,64.93,13.4,6.6,-9999,-9999.0,-9999.0,-9999,15.5,533.8,0.0,4.3,0.0,7.8,24.4,533.112,0.02,511.0,510.9,0.00688,0.00108,0.00016,1.02,0.52,-9999,5.2,2.2,-9999,0,58528.539550592,1.6e-08,58528.53939073,1.7e-08,0.00168,0.0002,4.9,1.3,-16.7,2.7,671.7,400.2,463.1,436517.402,434105,0.303,0
FRB20190215B,-9999,-9999,335.04,0.13,-9999,45.34,0.15,-9999,97.0,-9.78,20.0,7.0,-9999,-9999.0,-9999.0,-9999,44.5,273.4,0.0,1.3,0.0,2.3,61.9,274.6295,0.0033,138.4,148.5,0.00197,<0.00092,-9999.0,2.2,1.0,-9999,5.6,2.5,-9999,0,58529.86251879831,5.2e-10,58529.8624364466,1.1e-09,0.000864,2.8e-05,-1.27,0.33,-2.09,0.58,800.2,400.2,400.2,449923.001,444442,0.286,0
FRB20190217A,-9999,-9999,94.88,0.2,-9999,43.11,0.2,-9999,170.78,12.79,16.7,8.9,-9999,-9999.0,-9999.0,-9999,15.4,797.4,0.0,1.1,0.0,2.0,20.7,798.1092,0.0094,687.4,650.5,0.00786,0.00315,0.00067,0.29,0.1,-9999,1.19,0.39,-9999,0,58531.1888641421,4.1e-09,58531.1886248174,5e-09,0.00086,0.00019,3.4,1.3,-6.4,1.7,800.2,400.2,521.5,667833.483,670313,0.282,0
FRB20190218A,-9999,-9999,184.05,0.22,-9999,56.42,0.21,-9999,132.7,60.04,21.0,12.0,-9999,-9999.0,-9999.0,-9999,13.7,1282.7,0.0,1.9,0.0,3.5,16.6,1285.129,0.01,1253.7,1262.4,0.00295,<0.0017,-9999.0,0.54,0.27,-9999,1.65,0.71,-9999,0,58532.4307141648,3.2e-09,58532.4303288002,4.4e-09,0.00141,0.00012,1.7,1.2,-4.5,1.9,800.2,400.2,483.6,448461.437,448698,0.279,0
FRB20190218C,-9999,-9999,156.96,0.13,-9999,77.95,0.11,-9999,131.7,36.62,55.0,29.0,-9999,53.0,23.0,-9999,67.5,318.6,2.3,0.5,4.1,1.0,155.5,319.32387,0.00073,275.6,282.8,0.00098,0.0001113,3.4e-06,19.0,11.0,-9999,31.0,18.0,-9999,0,58532.84734982219,3.7e-10,58532.84725406826,4.3e-10,0.000206,1.1e-05,3.08,0.2,-16.09,0.48,643.0,400.2,440.4,212632.236,191513,0.385,0
FRB20190219A,-9999,-9999,105.78,0.042,-9999,43.13,0.16,-9999,173.87,20.17,19.3,7.1,-9999,-9999.0,-9999.0,-9999,23.0,655.1,0.0,0.4,0.0,0.7,29.8,657.1942,0.0089,578.4,562.1,0.00393,<0.0017,-9999.0,0.305,0.092,-9999,0.96,0.22,-9999,0,58533.2155907122,2.2e-09,58533.2153936429,3.5e-09,0.001592,7.7e-05,-2.69,0.68,-0.2,1.2,800.2,400.2,400.2,440703.501,439578,0.294,0
FRB20190221A,-9999,-9999,132.6,0.05,-9999,9.9,0.26,-9999,217.6,30.89,12.0,6.8,-9999,-9999.0,-9999.0,-9999,13.6,224.8,0.0,2.1,0.0,3.5,22.1,223.806,0.017,170.9,172.7,0.00295,0.000408,7.6e-05,1.23,0.36,-9999,2.33,0.3,-9999,0,58535.2829892939,4.4e-09,58535.2829221825,6.6e-09,0.00097,0.00013,5.1,1.8,-23.9,5.1,606.5,400.2,444.8,407933.415,404921,0.35,0
FRB20190221B,-9999,-9999,286.77,0.21,-9999,27.86,0.22,-9999,59.62,9.17,11.5,6.8,-9999,-9999.0,-9999.0,-9999,13.7,394.7,0.0,4.8,0.0,8.2,15.3,393.124,0.041,227.6,240.0,0.00688,<0.0049,-9999.0,0.69,0.3,-9999,5.6,1.4,-9999,0,58535.7103773463,9.5e-09,58535.710259462,1.5e-08,0.00394,0.00045,-0.3,1.3,-2.4,2.2,800.2,400.2,400.2,665362.285,666666,0.286,0
FRB20190222C,-9999,-9999,239.18,0.04,-9999,40.03,0.19,-9999,63.82,49.81,16.5,8.1,-9999,-9999.0,-9999.0,-9999,16.2,522.5,0.0,0.8,0.0,1.3,29.0,524.0071,0.0066,494.5,497.8,0.00197,<0.00074,-9999.0,0.44,0.12,-9999,0.83,0.14,-9999,0,58536.5736053062,4.1e-09,58536.5734481749,4.5e-09,0.000676,3.4e-05,9.3,2.1,-53.9,8.5,536.4,400.2,436.3,449262.018,448090,0.28,0
FRB20190222A,190222.J2052+69,FRB20190222A,313.06,0.17,-9999,69.83,0.21,-9999,104.88,15.88,33.0,20.0,-9999,-9999.0,-9999.0,-9999,31.2,462.6,0.0,7.5,0.0,14.0,92.4,460.169,0.015,373.0,359.4,0.00885,0.000898,5.3e-05,1.7,0.87,-9999,11.8,5.5,-9999,0,58536.7819608744,1.7e-09,58536.7818228859,4.7e-09,0.001839,7e-05,39.1,1.3,-182.9,5.7,498.2,400.2,445.3,424328.618,417081,0.33,0
FRB20190223A,-9999,-9999,64.72,0.3,-9999,87.65,0.32,-9999,124.98,25.66,300.0,120.0,-9999,290.0,120.0,-9999,13.2,389.8,2.3,1.7,4.7,3.5,20.5,389.2365,0.0097,331.1,332.5,0.00393,<0.00087,-9999.0,0.47,0.31,-9999,1.58,0.74,-9999,0,58537.1502246168,6e-09,58537.1501078985,6.7e-09,0.000763,5.3e-05,21.8,3.4,-103.0,15.0,516.5,400.2,444.8,383741.65,383642,0.384,0
FRB20190224C,-9999,-9999,124.05,0.2,-9999,19.78,0.22,-9999,203.48,27.2,13.0,7.2,-9999,-9999.0,-9999.0,-9999,18.3,495.0,0.0,5.5,0.0,10.3,30.7,497.4,0.0039,437.5,429.2,0.00786,0.00948,0.00081,1.37,0.72,-9999,7.9,3.8,-9999,0,58538.2504318229,5.3e-09,58538.2502826703,5.4e-09,0.00029,0.00014,7.6,2.2,-6.1,2.2,800.2,404.7,747.4,1085203.693,1082233,0.305,0
FRB20190224D,-9999,-9999,331.89,0.2,-9999,89.05,0.23,-9999,122.24,26.41,980.0,330.0,-9999,870.0,250.0,-9999,29.0,752.1,4.0,2.8,7.0,5.0,41.9,752.9522,0.0019,696.7,698.9,0.00197,<0.00072,-9999.0,2.75,0.95,-9999,6.1,2.0,-9999,0,58538.3239581934,3.3e-09,58538.3237324097,3.4e-09,0.000673,2.3e-05,6.96,0.7,-12.3,1.1,800.2,400.2,531.6,400383.823,400058,0.357,0
FRB20190224E,-9999,-9999,183.04,0.034,-9999,61.54,0.13,-9999,131.07,54.96,30.0,11.0,-9999,-9999.0,-9999.0,-9999,46.5,435.1,0.0,1.1,0.0,1.7,71.0,435.8612,0.0012,402.8,411.4,0.00197,<0.00057,-9999.0,2.03,0.41,-9999,4.0,0.81,-9999,0,58538.4172328551,2e-09,58538.4171021558,2e-09,0.000549,1.1e-05,2.22,0.34,-8.64,0.65,762.2,400.2,454.9,442603.08,439578,0.294,0
FRB20190227A,-9999,-9999,108.41,0.11,-9999,56.34,0.15,-9999,160.53,25.29,28.2,6.3,-9999,-9999.0,-9999.0,-9999,63.4,393.1,0.0,3.3,0.0,5.3,112.0,394.0388,0.0012,330.6,327.8,0.00393,<0.0013,-9999.0,3.58,0.62,-9999,12.5,2.1,-9999,0,58541.1969406894,1.6e-09,58541.1968225311,1.7e-09,0.001296,1.6e-05,1.74,0.2,-2.15,0.27,800.2,400.2,599.9,477698.109,444442,0.286,0
FRB20190301A,-9999,FRB20190222A,313.06,0.17,-9999,69.83,0.21,-9999,104.88,15.88,33.0,20.0,-9999,-9999.0,-9999.0,-9999,17.9,461.0,0.0,7.5,0.0,14.0,53.5,459.5613,0.0097,372.4,358.8,0.0059,0.00156,0.00026,1.83,0.73,-9999,8.6,3.3,-9999,1,58543.752112056,3e-08,58543.751974249,3e-08,0.00124,0.00054,69.0,26.0,-99.0,36.0,662.1,487.8,568.3,616152.983,610116,0.347,0
FRB20190303B,-9999,-9999,128.74,0.028,-9999,66.03,0.047,-9999,149.45,35.06,36.0,11.0,-9999,-9999.0,-9999.0,-9999,52.3,192.5,0.0,7.1,0.0,13.3,265.8,193.50698,0.00073,146.4,153.4,0.00492,0.001574,1.6e-05,9.4,4.2,-9999,42.0,19.0,-9999,0,58545.24334498434,9.3e-10,58545.24328695845,9.5e-10,0.000715,1.2e-05,-1.678,0.078,-2.56,0.13,786.7,400.2,400.2,525390.747,477881,0.232,0
FRB20190303C,-9999,-9999,173.24,0.2,-9999,26.32,0.21,-9999,211.1,72.48,13.0,7.5,-9999,-9999.0,-9999.0,-9999,15.6,1088.6,0.0,3.0,0.0,4.8,19.6,1089.655,0.011,1066.6,1070.5,0.0059,<0.0020,-9999.0,0.8,0.18,-9999,3.46,0.46,-9999,0,58545.368733527,1.3e-08,58545.368406777,1.3e-08,0.00176,0.00013,0.5,1.0,-2.3,1.5,800.2,400.2,449.8,460184.558,452954,0.272,0
FRB20190304A,-9999,-9999,124.51,0.036,-9999,74.61,0.21,-9999,139.8,31.79,44.0,26.0,-9999,42.0,13.0,-9999,22.3,483.6,10.8,1.8,18.5,3.2,48.1,483.727,0.011,433.9,439.2,0.00295,0.000901,4.6e-05,0.71,0.31,-9999,2.9,1.1,-9999,0,58546.2279103407,5.4e-09,58546.227765288,6.3e-09,0.000408,9.3e-05,6.3,1.4,-67.3,7.2,504.7,400.2,419.4,394960.166,390329,0.373,0
FRB20190304B,-9999,-9999,204.86,0.19,-9999,24.19,0.21,-9999,20.4,78.8,13.3,7.3,-9999,-9999.0,-9999.0,-9999,20.8,470.7,0.0,0.9,0.0,1.5,28.8,470.0053,0.0057,447.4,449.8,0.00295,0.000622,5.8e-05,0.67,0.26,-9999,2.22,0.59,-9999,0,58546.4534853173,9.1e-09,58546.4533443794,9.2e-09,0.00033,0.0001,-1.24,0.89,-7.4,2.0,646.5,400.2,400.2,458841.965,456601,0.267,0
FRB20190307A,-9999,-9999,254.55,0.21,-9999,9.85,0.27,-9999,28.92,29.59,12.0,7.1,-9999,-9999.0,-9999.0,-9999,12.3,352.6,0.0,0.0,0.0,0.0,18.7,355.337,0.062,297.3,309.6,0.00688,<0.0025,-9999.0,0.0,0.0,-9999,0.0,0.0,-9999,0,58549.5817954829,9.8e-09,58549.58168893,2.1e-08,0.00206,0.00021,19.7,3.5,-29.7,4.9,735.8,421.8,557.1,291898.68,291226,0.532,0
FRB20190308C,-9999,-9999,188.36,0.026,-9999,44.39,0.17,-9999,133.59,72.36,18.7,7.3,-9999,-9999.0,-9999.0,-9999,22.3,498.2,0.0,3.7,0.0,6.8,39.0,500.519,0.026,477.4,480.5,0.02163,0.00229,0.00017,0.47,0.36,-9999,4.8,2.5,-9999,1,58550.3963227539,2.9e-09,58550.396172666,8.2e-09,0.00055,0.00024,13.9,2.2,-60.5,7.4,545.7,400.2,449.0,666517.7,662100,0.291,0
FRB20190313B,-9999,-9999,101.98,0.18,-9999,74.13,0.21,-9999,140.61,25.78,46.0,23.0,-9999,24.0,19.0,-9999,14.1,1192.1,18.0,2.6,31.0,4.6,14.8,1191.248,0.062,1131.4,1131.6,0.00786,0.00444,0.00093,0.67,0.25,-9999,2.74,0.78,-9999,0,58555.138963799,1.3e-08,58555.138606586,2.3e-08,0.00064,0.00063,-1.5,1.7,0.7,2.8,800.2,400.2,400.2,214310.108,213401,0.657,0
FRB20190316A,-9999,-9999,5.23,0.22,-9999,20.51,0.24,-9999,113.33,-41.79,12.1,7.2,-9999,-9999.0,-9999.0,-9999,12.7,516.0,0.0,3.1,0.0,5.5,19.0,515.9273,0.0058,477.0,485.3,0.00197,<0.00098,-9999.0,1.31,0.54,-9999,2.53,0.82,-9999,0,58558.8626653669,1.8e-09,58558.8625106585,2.5e-09,0.000834,7.4e-05,9.1,1.8,-15.5,2.9,788.2,400.2,536.1,437805.536,435322,0.301,0
FRB20190317F,-9999,-9999,236.25,0.047,-9999,47.05,0.12,-9999,75.21,50.75,23.4,3.0,-9999,-9999.0,-9999.0,-9999,53.6,1125.8,0.0,6.2,0.0,11.9,82.3,1118.109,0.012,1084.8,1092.2,0.02064,0.00902,0.0003,1.65,0.81,-9999,26.0,14.0,-9999,0,58559.5068906449,2.7e-09,58559.5065553636,4.5e-09,0.00170,0.00017,1.18,0.29,-7.09,0.48,768.8,400.2,434.8,1341552.376,1318745,0.294,0
FRB20190317E,-9999,-9999,274.37,0.19,-9999,13.25,0.23,-9999,41.12,13.44,13.0,6.7,-9999,-9999.0,-9999.0,-9999,14.9,800.7,0.0,7.4,0.0,12.7,14.9,800.88,0.013,666.6,696.0,0.00393,<0.0021,-9999.0,2.17,0.67,-9999,7.3,1.8,-9999,0,58559.6117182964,4.2e-09,58559.6114781408,5.8e-09,0.00167,0.0002,-0.2,1.4,0.5,1.8,800.2,400.2,800.2,408745.649,409178,0.343,0
FRB20190318A,-9999,-9999,324.11,0.11,-9999,74.46,0.18,-9999,110.81,16.39,48.0,21.0,-9999,36.0,17.0,-9999,24.8,420.5,43.6,6.9,69.9,11.5,32.4,419.2661,0.0077,333.9,318.9,0.01278,0.00623,0.00069,1.55,0.43,-9999,14.2,2.8,-9999,0,58560.7389196224,3.6e-09,58560.7387938993,4.3e-09,0.00093,0.00016,0.04,0.67,-3.04,0.94,800.2,400.2,402.9,843901.416,840249,0.325,0
FRB20190319A,-9999,-9999,113.43,0.14,-9999,5.72,0.23,-9999,212.61,12.0,14.2,5.2,-9999,-9999.0,-9999.0,-9999,22.3,2041.3,0.0,12.5,0.0,21.4,23.7,2039.936,0.015,1932.3,1898.1,0.00885,0.0036,0.001,2.78,0.79,-9999,19.4,4.2,-9999,0,58561.1569659312,5.5e-09,58561.1563542265,7e-09,0.00147,0.0002,4.2,1.6,-4.4,1.8,800.2,400.2,640.9,580946.649,573641,0.386,0
FRB20190320A,-9999,-9999,61.6,0.2,-9999,63.36,0.2,-9999,142.85,8.3,27.0,15.0,-9999,-9999.0,-9999.0,-9999,15.7,613.0,0.0,3.0,0.0,5.4,16.0,614.146,0.014,470.2,400.3,0.00295,0.00126,0.00033,0.94,0.32,-9999,4.4,1.4,-9999,0,58562.0146110731,5.8e-09,58562.0144269123,7.1e-09,0.00118,0.0002,-2.0,1.2,0.6,1.7,800.2,400.2,400.2,424979.077,424985,0.317,0
FRB20190320B,-9999,-9999,250.4,0.23,-9999,39.63,0.22,-9999,63.19,41.2,14.5,9.1,-9999,-9999.0,-9999.0,-9999,17.9,490.1,0.0,0.9,0.0,1.5,20.1,489.4949,0.0067,451.8,459.0,0.00295,<0.0011,-9999.0,0.73,0.2,-9999,1.9,0.34,-9999,0,58562.5330285132,4.1e-09,58562.532881731,4.5e-09,0.000932,6.5e-05,-1.1,1.0,-1.8,1.7,800.2,400.2,400.2,437999.391,437146,0.298,0
FRB20190320E,-9999,-9999,76.64,0.16,-9999,89.16,0.2,-9999,123.78,26.75,1140.0,220.0,-9999,940.0,250.0,-9999,32.7,299.2,8.7,5.9,15.2,10.5,38.8,299.135,0.0042,243.3,245.7,0.00295,0.00072,0.0001,4.4,1.7,-9999,12.3,4.5,-9999,0,58562.971827585,2.3e-09,58562.971737885,2.7e-09,0.000833,5.4e-05,6.06,0.87,-7.7,1.0,800.2,400.2,592.6,418676.648,414649,0.334,0
FRB20190322C,-9999,-9999,296.36,0.14,-9999,70.7,0.15,-9999,102.77,21.2,47.0,12.0,-9999,39.9,3.2,-9999,53.1,1192.1,36.2,3.8,67.2,7.0,61.9,1192.0806,0.0012,1126.3,1125.9,0.00295,0.001014,5.2e-05,4.1,1.8,-9999,13.0,5.5,-9999,0,58564.6557558397,1.9e-09,58564.6553983769,1.9e-09,0.000140,6.2e-05,-0.2,0.37,-1.47,0.49,800.2,400.2,400.2,440744.588,436537,0.299,0
FRB20190323A,-9999,-9999,112.37,0.2,-9999,34.46,0.21,-9999,184.44,22.29,14.4,8.1,-9999,-9999.0,-9999.0,-9999,14.7,855.7,0.0,3.2,0.0,5.6,14.4,857.5038,0.0089,784.7,768.7,0.00393,0.00263,0.00057,0.67,0.28,-9999,2.71,0.79,-9999,0,58565.144424768,8.9e-09,58565.1441676329,9.2e-09,0.00054,0.0002,1.8,1.9,-2.9,2.4,800.2,400.2,542.7,641678.782,639305,0.315,0
FRB20190323B,-9999,-9999,193.22,0.042,-9999,77.24,0.15,-9999,122.83,39.89,67.0,18.0,-9999,67.0,13.0,-9999,57.2,787.7,14.0,3.2,22.4,5.2,76.8,789.56311,0.00076,749.3,756.6,0.00098,0.000134,1.4e-05,6.94,0.99,-9999,10.6,1.4,-9999,0,58565.3631500851,1.6e-09,58565.3629133231,1.6e-09,0.000134,2.2e-05,5.8,0.42,-7.6,0.51,800.2,400.2,586.4,221925.827,214921,0.31,0
FRB20190325A,-9999,-9999,130.41,0.22,-9999,83.07,0.26,-9999,130.04,30.15,96.0,52.0,-9999,94.0,52.0,-9999,13.3,357.5,9.3,4.0,17.8,7.4,15.6,359.289,0.013,308.3,312.9,0.00295,<0.0018,-9999.0,1.31,0.67,-9999,4.6,1.7,-9999,0,58567.180386176,9.9e-09,58567.180278438,1.1e-08,0.00156,0.00014,-0.8,1.3,-1.2,2.0,800.2,400.2,400.2,333682.56,333786,0.464,0
FRB20190328C,-9999,-9999,73.83,0.2,-9999,81.96,0.28,-9999,130.57,23.02,86.0,45.0,-9999,88.0,45.0,-9999,18.2,470.7,5.7,2.1,10.6,4.1,21.6,472.8607,0.0075,408.2,405.3,0.00492,0.00230,0.00034,4.7,2.3,-9999,14.9,7.1,-9999,0,58570.5175061331,9.4e-09,58570.5173643389,9.7e-09,0.00077,0.00014,0.7,1.2,-2.7,1.5,800.2,400.2,459.0,520858.438,518921,0.444,0
FRB20190330B,-9999,-9999,269.41,0.037,-9999,52.81,0.14,-9999,80.58,29.23,26.1,6.2,-9999,-9999.0,-9999.0,-9999,44.9,668.0,0.0,1.5,0.0,2.7,51.9,668.0927,0.0019,619.2,626.0,0.00197,0.000230,1.8e-05,2.79,0.94,-9999,5.3,1.6,-9999,0,58572.5603588239,4.5e-09,58572.5601584866,4.5e-09,0.000342,3.3e-05,0.91,0.44,-5.34,0.72,800.2,400.2,435.9,371190.309,367225,0.41,0
FRB20190401A,-9999,-9999,196.8,0.19,-9999,79.91,0.21,-9999,122.07,37.19,70.0,35.0,-9999,58.0,35.0,-9999,22.9,779.6,17.6,5.2,31.4,9.7,24.8,783.216,0.017,740.8,747.8,0.01081,<0.0039,-9999.0,1.05,0.46,-9999,8.6,3.0,-9999,0,58574.358644051,1.1e-08,58574.358409192,1.2e-08,0.00352,0.0002,1.47,0.85,-4.1,1.3,800.2,400.2,479.1,531748.797,529866,0.433,0
FRB20190403B,-9999,-9999,135.47,0.18,-9999,1.46,0.09,-9999,227.76,29.41,13.0,5.2,-9999,-9999.0,-9999.0,-9999,18.9,291.1,0.0,15.4,0.0,26.8,26.0,292.473,0.028,238.4,244.5,0.01081,0.00578,0.00075,2.7,1.0,-9999,23.8,6.8,-9999,0,58576.180478486,1.4e-08,58576.180390783,1.7e-08,0.00235,0.00039,2.8,1.1,-11.1,1.9,714.3,400.2,453.2,881211.496,878553,0.436,0
FRB20190404A,-9999,-9999,143.1,0.096,-9999,36.9,0.17,-9999,186.85,47.18,17.5,5.9,-9999,-9999.0,-9999.0,-9999,24.3,1353.8,0.0,2.4,0.0,4.2,24.4,1353.9007,0.0095,1313.6,1326.5,0.00492,0.00106,0.00017,1.17,0.45,-9999,4.5,1.8,-9999,0,58577.195210829,1.2e-08,58577.194804842,1.3e-08,0.00136,0.00014,-1.32,0.83,0.0,1.2,800.2,400.2,400.2,376609.886,373305,0.4,0
FRB20190404B,-9999,-9999,259.79,0.11,-9999,40.0,0.13,-9999,64.63,34.07,21.8,3.2,-9999,-9999.0,-9999.0,-9999,134.0,490.1,0.0,1.1,0.0,1.8,175.1,489.42307,0.00064,444.4,453.5,0.00098,0.0001111,2.8e-06,8.6,1.7,-9999,16.3,3.2,-9999,0,58577.5224029964,1.7e-09,58577.5222562358,1.8e-09,0.0003315,8.8e-06,-2.29,0.13,-2.66,0.25,725.3,400.2,400.2,208149.516,196073,0.37,0
FRB20190405B,-9999,-9999,236.48,0.043,-9999,89.16,0.19,-9999,122.28,27.73,1070.0,290.0,-9999,900.0,250.0,-9999,20.6,1111.2,9.2,6.6,16.9,12.0,21.4,1113.218,0.0087,1059.3,1062.6,0.00492,0.00501,0.00068,3.4,1.4,-9999,17.5,6.3,-9999,0,58578.980191758,1.6e-08,58578.979857944,1.6e-08,0.00082,0.00019,6.9,2.1,-7.9,2.3,800.2,400.2,620.7,675227.691,673657,0.459,0
FRB20190406A,-9999,FRB20190208A,283.52,0.15,-9999,46.96,0.22,-9999,76.71,19.04,17.4,9.5,-9999,-9999.0,-9999.0,-9999,13.1,580.7,0.0,3.6,0.0,8.0,16.3,580.2254,0.0093,508.8,515.0,0.00295,<0.0015,-9999.0,0.53,0.27,-9999,2.3,0.96,-9999,0,58579.6,1.4,58579.6,1.4,0.00127,0.00011,20.6,3.6,-34.5,5.7,698.5,416.6,539.4,396398.83,397018,0.362,0
FRB20190409A,-9999,-9999,79.52,0.2,-9999,6.72,0.27,-9999,195.66,-17.27,11.9,7.0,-9999,-9999.0,-9999.0,-9999,14.5,1789.0,0.0,8.8,0.0,15.7,19.7,1791.8908,0.0053,1707.5,1666.3,0.00295,0.00171,0.00026,3.0,1.1,-9999,8.7,2.8,-9999,0,58582.006929086,1.9e-08,58582.006391761,1.9e-08,0.00023,0.00022,3.3,1.6,-6.1,1.9,800.2,400.2,524.7,356598.736,356281,0.428,0
FRB20190409D,-9999,-9999,336.64,0.23,-9999,26.95,0.21,-9999,87.17,-25.68,13.4,7.4,-9999,-9999.0,-9999.0,-9999,16.1,1298.9,0.0,2.6,0.0,4.4,17.3,1300.118,0.011,1245.4,1253.5,0.00295,<0.0018,-9999.0,0.59,0.24,-9999,2.74,0.69,-9999,0,58582.721574029,2.2e-08,58582.72118417,2.3e-08,0.00155,0.00013,5.1,1.5,-10.8,2.4,800.2,400.2,507.6,370228.765,370266,0.405,0
FRB20190410B,-9999,-9999,265.76,0.02,-9999,15.17,0.2,-9999,39.33,21.83,14.2,5.7,-9999,-9999.0,-9999.0,-9999,20.4,642.1,0.0,0.4,0.0,0.8,30.8,642.1699,0.0091,563.8,580.6,0.00197,0.000211,3.5e-05,0.22,0.12,-9999,0.45,0.15,-9999,0,58583.519356724,1.3e-08,58583.51916416,1.3e-08,0.000423,8.2e-05,18.7,2.2,-73.4,7.4,542.5,400.2,454.4,364804.613,364793,0.414,0
FRB20190411B,-9999,-9999,154.03,0.2,-9999,29.23,0.21,-9999,200.1,55.86,11.6,6.5,-9999,-9999.0,-9999.0,-9999,15.6,1227.7,0.0,3.3,0.0,5.6,17.5,1229.581,0.021,1194.3,1207.0,0.00393,<0.0017,-9999.0,0.89,0.24,-9999,3.7,0.57,-9999,0,58584.2091215337,3.4e-09,58584.2087528259,7.1e-09,0.00138,0.00014,1.2,1.2,-2.5,1.7,800.2,400.2,507.5,381830.768,381210,0.388,0
FRB20190411C,-9999,-9999,9.33,0.054,-9999,20.5,0.21,-9999,118.46,-42.25,14.8,5.8,-9999,-9999.0,-9999.0,-9999,32.2,234.5,0.0,4.9,0.0,8.1,50.0,233.66,0.0038,194.8,203.3,0.00295,<0.0011,-9999.0,3.19,0.93,-9999,9.3,2.4,-9999,1,58584.8059766488,2.9e-09,58584.8059065824,3.1e-09,0.00089,0.00018,11.7,4.4,-12.5,5.0,800.2,416.6,640.1,382564.093,372085,0.402,0
FRB20190412A,-9999,-9999,243.45,0.16,-9999,61.87,0.15,-9999,93.6,41.95,31.0,11.0,-9999,-9999.0,-9999.0,-9999,42.0,363.9,0.0,2.5,0.0,4.4,44.3,364.7329,0.0034,327.2,334.0,0.00295,<0.0014,-9999.0,1.77,0.64,-9999,6.9,2.2,-9999,0,58585.454380228,1.1e-09,58585.4542708576,1.5e-09,0.001243,5.4e-05,7.11,0.86,-6.25,0.95,800.2,400.2,706.8,369121.223,366618,0.411,0
FRB20190414A,-9999,-9999,181.44,0.21,-9999,38.9,0.22,-9999,159.07,74.85,14.7,8.5,-9999,-9999.0,-9999.0,-9999,13.5,812.0,0.0,1.2,0.0,2.0,14.6,811.981,0.028,791.8,793.5,0.00492,<0.0024,-9999.0,0.44,0.19,-9999,1.74,0.48,-9999,0,58587.2769028526,4.7e-09,58587.2766593683,9.6e-09,0.00195,0.00022,-3.4,1.5,-0.7,3.0,728.1,400.2,400.2,380946.536,382426,0.386,0
FRB20190414B,-9999,-9999,246.9,0.22,-9999,57.53,0.22,-9999,87.34,41.7,22.0,13.0,-9999,-9999.0,-9999.0,-9999,13.6,511.1,0.0,2.4,0.0,4.1,13.7,506.489,0.09,468.7,475.8,0.0118,<0.0058,-9999.0,0.49,0.21,-9999,3.8,1.0,-9999,0,58587.460459467,1.2e-08,58587.460307589,2.9e-08,0.00457,0.00062,-2.2,1.5,-1.1,2.7,800.2,400.2,400.2,563966.412,561786,0.398,0
FRB20190415A,-9999,-9999,182.38,0.21,-9999,71.28,0.23,-9999,127.71,45.46,36.0,20.0,-9999,20.0,15.0,-9999,12.1,632.4,40.5,4.0,79.1,7.4,13.0,633.681,0.025,596.7,604.7,0.00688,<0.0031,-9999.0,0.57,0.3,-9999,3.7,1.4,-9999,0,58588.2750327863,6.7e-09,58588.274842768,1e-08,0.00248,0.0003,1.9,1.6,-5.2,2.6,800.2,400.2,481.7,376589.403,374522,0.398,0
FRB20190416A,-9999,-9999,144.99,0.21,-9999,33.3,0.21,-9999,192.33,48.53,11.4,6.5,-9999,-9999.0,-9999.0,-9999,14.6,2287.1,0.0,2.7,0.0,4.7,14.8,2287.265,0.043,2248.1,2260.7,0.00688,0.00170,0.00044,0.6,0.26,-9999,2.8,0.86,-9999,0,58589.1718643363,8.8e-09,58589.171178466,1.6e-08,0.00072,0.00045,2.9,1.7,-9.6,2.9,760.2,400.2,465.6,346482.564,344121,0.447,0
FRB20190416B,-9999,-9999,172.19,0.18,-9999,35.95,0.034,-9999,181.14,70.36,8.2,8.2,A significant fraction of the localization region of the burst is falling between the FWHM of two beams resulting in a large error on the exposure. See Section 2.2.,-9999.0,-9999.0,-9999,19.7,574.2,0.0,0.7,0.0,1.3,29.1,575.36,0.015,554.8,563.5,0.0059,0.000491,6.5e-05,0.69,0.26,-9999,1.47,0.53,-9999,0,58589.2430878488,1.5e-09,58589.2429153186,4.6e-09,<0.00079,-9999.0,-3.6,1.8,-23.5,8.0,511.9,400.2,400.2,369775.473,372089,0.402,0
FRB20190417A,190417.J1939+59,FRB20190417A,294.85,0.2,-9999,59.4,0.27,-9999,91.49,17.36,22.0,14.0,-9999,-9999.0,-9999.0,-9999,13.4,1378.1,0.0,5.8,0.0,9.8,26.2,1380.08,0.13,1301.9,1299.2,0.01769,0.00330,0.0009,0.49,0.2,-9999,5.8,1.2,-9999,0,58590.580611335,2.7e-08,58590.580197498,4.8e-08,0.00299,0.00074,88.7,8.8,-133.0,13.0,637.6,489.9,558.9,741118.222,735673,0.409,0
FRB20190417C,-9999,-9999,45.68,0.03,-9999,71.26,0.046,-9999,133.15,11.04,41.0,16.0,-9999,34.2,6.6,-9999,52.2,318.6,35.6,3.4,72.0,6.6,95.1,320.23188,0.00043,198.2,146.8,0.00098,<0.00043,-9999.0,7.9,3.9,-9999,10.8,4.9,-9999,0,58590.89044731865,3.8e-10,58590.89035129244,4e-10,0.0004132,6.1e-06,24.78,0.77,-32.41,0.99,765.8,449.3,586.6,210019.972,190298,0.389,0
FRB20190418A,-9999,-9999,65.79,0.19,-9999,16.04,0.22,-9999,179.3,-22.93,12.9,6.6,-9999,-9999.0,-9999.0,-9999,20.4,182.8,0.0,0.9,0.0,1.8,26.7,184.5069,0.0076,114.4,98.9,0.00197,<0.00078,-9999.0,0.99,0.58,-9999,2.2,1.0,-9999,0,58591.940474878,1.9e-09,58591.9404195509,3e-09,0.000706,3.8e-05,-4.8,1.2,-3.7,3.5,579.7,400.2,400.2,369722.928,370266,0.405,0
FRB20190419B,-9999,-9999,255.27,0.17,-9999,86.74,0.057,-9999,119.64,28.6,200.0,100.0,-9999,150.0,88.0,-9999,24.6,166.6,3.0,2.1,5.7,4.0,36.2,165.0752,0.0047,112.8,117.0,0.00197,0.000246,3.6e-05,4.6,2.2,-9999,7.9,3.5,-9999,0,58592.9433950689,1.9e-09,58592.9433455687,2.3e-09,0.000656,4.6e-05,5.65,0.9,-14.3,1.6,728.4,400.2,487.6,358384.993,353241,0.433,0
FRB20190420B,-9999,-9999,94.73,0.16,-9999,70.12,0.022,-9999,144.33,22.71,18.0,19.0,A significant fraction of the localization region of the burst is falling between the FWHM of two beams resulting in a large error on the exposure. See Section 2.2.,-9999.0,-9999.0,-9999,28.0,844.3,0.0,7.6,0.0,14.6,35.5,846.8432,0.0044,779.4,774.5,0.00688,0.00392,0.00038,2.2,1.1,-9999,15.1,6.7,-9999,0,58593.019502033,3.2e-09,58593.0192480947,3.5e-09,0.00030,0.00013,2.89,0.72,-8.1,1.1,800.2,400.2,478.4,601047.156,599177,0.358,0
FRB20190420A,-9999,-9999,106.55,0.2,-9999,55.96,0.21,-9999,160.7,24.2,22.0,12.0,-9999,-9999.0,-9999.0,-9999,15.9,609.8,0.0,1.6,0.0,2.6,25.4,609.0998,0.0065,543.4,538.7,0.00197,0.00264,0.00054,0.88,0.24,-9999,3.11,0.61,-9999,0,58593.0519888438,2.8e-09,58593.0518061963,3.4e-09,0.00077,0.00011,11.5,5.6,-6.1,5.0,800.2,528.7,800.2,589335.16,587321,0.371,0
FRB20190421A,190303.J1353+48,FRB20190303A,208.03,0.13,-9999,48.24,0.22,-9999,97.75,65.81,18.0,9.4,-9999,-9999.0,-9999.0,-9999,12.3,226.4,0.0,5.1,0.0,10.6,23.2,223.641,0.015,193.8,201.8,0.03047,<0.0038,-9999.0,0.38,0.19,-9999,5.3,1.3,-9999,1,58594.3334533453,7.9e-09,58594.3333862834,9.1e-09,0.00346,0.00044,50.2,8.7,-66.0,11.0,705.4,485.6,585.3,777716.309,775797,0.377,0
FRB20190421B,-9999,-9999,82.49,0.076,-9999,62.31,0.033,-9999,149.75,15.06,34.1,5.8,-9999,-9999.0,-9999.0,-9999,78.9,393.1,0.0,2.5,0.0,4.2,79.6,392.2475,0.0015,295.8,269.3,0.00295,<0.0012,-9999.0,5.1,1.6,-9999,16.4,4.9,-9999,0,58594.9776181065,1.2e-09,58594.9775004854,1.3e-09,0.001123,2e-05,-0.13,0.24,-0.8,0.35,800.2,400.2,400.2,389278.261,378170,0.393,0
FRB20190422A,-9999,-9999,48.56,0.2,-9999,35.15,0.2,-9999,153.27,-19.17,15.3,8.0,-9999,-9999.0,-9999.0,-9999,18.3,452.9,0.0,8.8,0.0,15.3,29.1,452.302,0.01,372.8,367.0,0.02949,<0.0027,-9999.0,0.6,0.26,-9999,9.1,2.8,-9999,2,58595.884324424,1.3e-08,58595.884188794,1.3e-08,0.00200,0.00042,24.0,11.0,-32.0,13.0,763.7,444.8,582.8,750783.346,746608,0.4,0
FRB20190423A,-9999,-9999,179.68,0.18,-9999,55.25,0.16,-9999,138.14,60.29,24.0,9.5,-9999,-9999.0,-9999.0,-9999,39.0,244.2,0.0,17.0,0.0,27.3,458.5,242.64562,0.0006,211.0,220.2,0.0059,0.0005385,8.2e-06,10.8,1.7,-9999,55.4,8.8,-9999,1,58596.24977167645,4.6e-10,58596.24969891561,5e-10,0.002366,2.3e-05,-3.66,0.12,-5.59,0.32,593.0,400.2,400.2,606950.905,520740,0.442,0
FRB20190423C,-9999,-9999,349.08,0.2,-9999,86.97,0.084,-9999,121.59,24.35,230.0,110.0,-9999,230.0,100.0,-9999,14.8,855.7,3.9,2.9,7.0,5.4,20.4,855.5273,0.0046,795.1,795.4,0.00786,0.00248,0.0003,1.23,0.42,-9999,4.37,0.97,-9999,0,58596.7336707131,7.4e-09,58596.7334141707,7.6e-09,<0.00016,-9999.0,1.9,1.3,-12.3,2.6,668.0,400.2,433.0,361824.303,360537,0.421,0
FRB20190423D,-9999,-9999,29.69,0.19,-9999,84.8,0.22,-9999,124.56,22.14,143.0,64.0,-9999,140.0,64.0,-9999,23.9,498.2,21.2,12.0,39.2,22.3,29.1,496.455,0.018,430.3,426.7,0.00885,0.0070,0.0013,1.71,0.81,-9999,18.0,6.8,-9999,0,58596.8405475129,8.7e-09,58596.840398644,1e-08,0.00190,0.00028,10.3,1.5,-14.8,1.9,800.2,400.2,565.9,899689.783,898313,0.423,0
FRB20190424A,-9999,-9999,168.3,0.18,-9999,63.78,0.049,-9999,139.55,50.06,23.0,15.0,-9999,-9999.0,-9999.0,-9999,18.1,758.6,0.0,1.6,0.0,2.7,21.4,758.672,0.0043,723.2,732.4,0.00098,<0.00075,-9999.0,1.13,0.39,-9999,1.99,0.58,-9999,0,58597.2117435458,6e-09,58597.2115160469,6.2e-09,0.000666,4.4e-05,4.9,1.2,-12.4,2.3,751.2,400.2,487.9,366308.371,365402,0.413,0
FRB20190425A,-9999,-9999,255.72,0.14,-9999,21.52,0.18,-9999,42.06,33.02,16.9,4.2,-9999,-9999.0,-9999.0,-9999,57.6,127.8,0.0,9.2,0.0,14.7,229.9,128.15774,0.00016,79.4,89.3,0.00098,<0.00038,-9999.0,18.6,2.6,-9999,31.6,4.2,-9999,0,58598.44992977713,6.5e-10,58598.44989134716,6.5e-10,0.0003799,2.3e-06,8.26,0.14,-10.56,0.18,800.2,400.2,591.8,279123.089,185434,0.404,0
FRB20190425B,-9999,-9999,210.12,0.1,-9999,88.6,0.21,-9999,122.46,28.46,420.0,160.0,-9999,440.0,160.0,-9999,18.2,1030.3,2.5,2.1,5.2,4.2,21.6,1031.7236,0.0091,979.0,982.9,0.00197,<0.0013,-9999.0,1.25,0.67,-9999,3.1,1.3,-9999,0,58598.7540306028,7.1e-09,58598.7537212254,7.6e-09,0.001108,7.3e-05,22.4,3.3,-65.6,9.2,572.6,400.2,474.8,342929.758,342906,0.449,0
FRB20190426A,-9999,-9999,115.04,0.2,-9999,59.12,0.2,-9999,158.01,29.19,24.0,13.0,-9999,-9999.0,-9999.0,-9999,23.9,341.3,0.0,1.2,0.0,2.0,37.1,340.6624,0.0018,284.8,286.7,0.00197,<0.00043,-9999.0,1.59,0.28,-9999,2.01,0.29,-9999,0,58599.0611840768,5.5e-09,58599.0610819242,5.6e-09,0.000398,1.5e-05,27.0,2.2,-71.7,5.7,577.8,403.7,483.0,195167.362,193642,0.378,0
FRB20190427A,-9999,-9999,78.93,0.18,-9999,7.77,0.23,-9999,194.4,-17.22,13.4,6.1,-9999,-9999.0,-9999.0,-9999,25.2,454.5,0.0,4.0,0.0,7.0,27.5,455.7828,0.0026,370.8,330.1,0.00197,0.00065,0.00012,3.9,1.4,-9999,9.5,2.9,-9999,0,58600.95452437274,9.5e-10,58600.9543876996,1.2e-09,0.000339,5.5e-05,-2.62,0.77,3.3,0.95,800.2,400.2,400.2,322702.449,320409,0.485,0
FRB20190428A,-9999,-9999,170.73,0.027,-9999,23.33,0.15,-9999,218.78,69.65,16.1,4.7,-9999,-9999.0,-9999.0,-9999,33.0,968.9,0.0,3.2,0.0,5.4,45.7,969.4001,0.0022,942.4,949.4,0.00393,0.00363,0.00039,2.22,0.71,-9999,7.4,2.2,-9999,0,58601.2093691459,1.3e-09,58601.2090784571,1.4e-09,0.000374,6.6e-05,54.0,4.3,-48.8,3.8,800.2,560.1,696.0,509717.601,505241,0.459,0
FRB20190430C,-9999,-9999,277.22,0.23,-9999,24.92,0.22,-9999,53.26,15.75,13.2,7.5,-9999,-9999.0,-9999.0,-9999,22.5,399.5,0.0,3.3,0.0,5.7,32.2,400.561,0.011,301.5,317.4,0.00295,<0.0011,-9999.0,2.17,0.53,-9999,5.1,1.2,-9999,0,58603.4957273192,2.6e-09,58603.4956072053,4.2e-09,0.000893,9.5e-05,48.7,5.1,-48.8,5.1,800.2,530.6,659.3,338273.26,335610,0.461,0
FRB20190501B,-9999,-9999,261.45,0.19,-9999,54.36,0.18,-9999,82.03,34.05,20.0,12.0,-9999,-9999.0,-9999.0,-9999,24.3,784.5,0.0,1.4,0.0,2.2,29.8,784.068,0.011,740.5,747.6,0.0059,<0.0011,-9999.0,0.88,0.21,-9999,3.2,0.55,-9999,1,58604.4540427448,2.5e-09,58604.4538076304,4.1e-09,0.00084,0.00017,-1.2,1.5,-1.0,2.4,800.2,400.2,400.2,347549.483,347765,0.441,0
FRB20190502A,-9999,-9999,165.01,0.14,-9999,59.95,0.13,-9999,145.3,52.07,31.7,6.6,-9999,-9999.0,-9999.0,-9999,67.5,626.0,0.0,1.7,0.0,2.7,75.8,625.7691,0.0047,590.8,600.6,0.00393,0.000995,4.8e-05,3.18,0.66,-9999,11.5,2.3,-9999,0,58605.18295228125,9.3e-10,58605.1827646352,1.7e-09,0.000849,3.5e-05,-4.64,0.25,3.76,0.36,800.2,400.2,400.2,372435.239,367225,0.41,0
FRB20190502B,-9999,-9999,212.04,0.13,-9999,64.44,0.036,-9999,109.99,50.72,23.1,9.1,-9999,-9999.0,-9999.0,-9999,59.7,917.1,0.0,2.5,0.0,4.1,66.5,918.6143,0.0092,884.8,892.3,0.00492,0.000609,7e-05,2.58,0.46,-9999,10.1,1.6,-9999,0,58605.3130759983,2e-09,58605.3128005383,3.4e-09,0.001201,4.2e-05,1.74,0.36,-3.99,0.49,800.2,400.2,498.1,369335.964,359929,0.422,0
FRB20190502C,-9999,-9999,155.6,0.15,-9999,82.97,0.04,-9999,127.98,32.63,98.0,46.0,-9999,63.0,57.0,-9999,23.8,396.3,2.6,1.1,4.9,2.1,28.5,396.835,0.0088,349.4,355.2,0.00197,0.00032,0.0001,3.6,2.0,-9999,8.3,3.5,-9999,0,58605.6640729922,2.7e-09,58605.6639539955,3.8e-09,0.000527,9.4e-05,9.0,1.5,-26.8,3.2,634.3,400.2,473.2,332112.854,332569,0.466,0
FRB20190515B,-9999,-9999,0.83,0.17,-9999,3.41,0.25,-9999,100.26,-57.33,12.2,5.7,-9999,-9999.0,-9999.0,-9999,23.4,820.1,0.0,5.2,0.0,9.7,31.1,822.1887,0.006,789.7,798.4,0.00492,0.00188,0.00022,2.8,1.4,-9999,11.3,4.8,-9999,0,58618.6867896287,2.1e-09,58618.6865430833,2.7e-09,0.00038,0.00014,0.77,0.76,-9.3,1.5,685.6,400.2,417.0,356989.674,354457,0.431,0
FRB20190515D,-9999,-9999,67.13,0.21,-9999,-5.01,0.34,-9999,199.88,-33.89,12.5,6.5,-9999,-9999.0,-9999.0,-9999,13.0,425.4,0.0,12.6,0.0,24.1,35.5,426.0611,0.0054,378.3,367.0,0.00492,0.00149,0.00026,3.0,1.7,-9999,8.8,4.4,-9999,0,58618.8737987932,2.4e-09,58618.8736710326,2.9e-09,0.000420,9.2e-05,30.6,3.0,-54.3,4.8,651.5,431.6,530.2,266492.296,265081,0.574,0
FRB20190516B,-9999,-9999,167.34,0.21,-9999,7.37,0.27,-9999,247.46,58.76,11.5,6.9,-9999,-9999.0,-9999.0,-9999,15.3,1235.8,0.0,7.0,0.0,13.7,19.4,1235.416,0.048,1202.1,1212.2,0.01376,0.00372,0.00059,1.13,0.77,-9999,9.9,5.3,-9999,0,58619.1513926616,8.9e-09,58619.151022204,1.7e-08,0.00149,0.00055,1.1,1.4,-12.2,3.1,647.1,400.2,419.4,507054.52,504329,0.46,0
FRB20190518B,-9999,-9999,175.11,0.21,-9999,20.28,0.24,-9999,232.01,72.39,12.1,7.1,-9999,-9999.0,-9999.0,-9999,12.8,913.9,0.0,2.6,0.0,4.9,16.7,913.7722,0.0039,887.7,893.6,0.00098,<0.00071,-9999.0,1.53,0.68,-9999,2.1,1.0,-9999,0,58621.166374403,3.8e-09,58621.166100395,4e-09,0.000610,5.2e-05,0.4,1.2,-1.1,1.7,800.2,400.2,478.4,379580.436,379994,0.39,0
FRB20190518C,-9999,-9999,242.01,0.071,-9999,4.64,0.21,-9999,16.3,38.1,14.8,3.5,-9999,-9999.0,-9999.0,-9999,34.5,444.8,0.0,6.7,0.0,11.6,46.4,444.0795,0.0035,402.4,408.2,0.00295,0.000288,3e-05,6.7,1.6,-9999,14.8,3.3,-9999,0,58621.3493015979,1.4e-09,58621.3491684342,1.7e-09,0.000635,3.6e-05,6.39,0.66,-15.1,1.2,730.2,400.2,494.3,351087.684,349593,0.438,0
FRB20190518D,-9999,-9999,174.72,0.33,-9999,89.31,0.24,-9999,123.17,27.78,1190.0,300.0,-9999,960.0,290.0,-9999,14.9,202.2,3.5,2.4,6.9,4.8,19.3,202.4551,0.0057,148.5,151.8,0.00197,0.000387,7.1e-05,1.36,0.98,-9999,3.0,1.6,-9999,0,58621.3782560302,3.5e-09,58621.3781953211,3.9e-09,0.00026,0.00011,5.4,1.7,-15.6,3.2,698.5,400.2,475.6,353943.657,352633,0.434,0
FRB20190518G,-9999,-9999,94.79,0.2,-9999,75.52,0.14,-9999,138.68,24.22,48.0,27.0,-9999,27.0,19.0,-9999,20.2,525.7,7.9,1.5,15.3,2.7,33.6,524.9464,0.0043,461.9,460.2,0.00098,<0.00072,-9999.0,0.99,0.43,-9999,1.76,0.62,-9999,0,58621.9450263166,2.2e-09,58621.9448689037,2.6e-09,0.000666,2.7e-05,19.8,2.0,-75.3,7.0,543.6,400.2,456.4,370435.485,370266,0.405,0
FRB20190519D,-9999,-9999,164.57,0.18,-9999,42.99,0.031,-9999,170.84,62.15,12.4,9.4,-9999,-9999.0,-9999.0,-9999,18.6,538.6,0.0,0.4,0.0,0.8,25.3,539.771,0.011,509.3,521.1,0.00197,<0.0020,-9999.0,0.36,0.16,-9999,0.81,0.36,-9999,0,58622.133245441,3.1e-09,58622.1330835828,4.6e-09,0.00183,0.0001,-1.46,0.8,-1.9,1.4,800.2,400.2,400.2,436660.794,434106,0.303,0
FRB20190519E,-9999,-9999,168.28,0.2,-9999,41.65,0.2,-9999,170.75,65.2,15.8,8.5,-9999,-9999.0,-9999.0,-9999,17.0,693.9,0.0,0.8,0.0,1.5,30.3,693.8297,0.0011,666.3,677.3,0.00098,<0.00045,-9999.0,1.0,0.47,-9999,1.46,0.67,-9999,0,58622.1449896929,2.7e-09,58622.144781638,2.7e-09,0.000414,2e-05,2.0,2.5,4.1,2.3,800.2,551.0,800.2,218437.16,217050,0.303,0
FRB20190519F,-9999,-9999,165.63,0.2,-9999,77.23,0.22,-9999,130.34,38.29,52.0,29.0,-9999,58.0,22.0,-9999,20.2,799.0,13.9,3.0,24.6,5.5,41.0,797.766,0.023,755.7,763.2,0.00688,0.00136,0.00023,0.75,0.41,-9999,4.0,1.3,-9999,0,58622.145965243,4.9e-09,58622.1457260212,8.4e-09,0.00136,0.00016,21.7,1.8,-86.4,6.3,534.4,400.2,453.9,419609.602,418297,0.328,0
FRB20190519H,-9999,-9999,342.99,0.18,-9999,87.37,0.055,-9999,121.49,24.84,269.0,87.0,-9999,210.0,120.0,-9999,39.7,1169.5,2.5,1.8,5.0,3.6,57.7,1170.8729,0.003,1111.5,1112.4,0.00295,0.000309,2.1e-05,3.2,1.7,-9999,6.6,3.3,-9999,0,58622.6485647745,1.5e-09,58622.6482136712,1.8e-09,0.000255,7.2e-05,2.33,0.51,-14.0,1.2,652.9,400.2,435.0,360357.459,358105,0.425,0
FRB20190520A,-9999,-9999,273.52,0.026,-9999,26.32,0.094,-9999,53.3,19.37,14.7,6.6,-9999,-9999.0,-9999.0,-9999,21.8,431.9,0.0,1.6,0.0,3.0,28.7,432.5063,0.0057,352.8,367.3,0.00197,<0.00071,-9999.0,1.08,0.53,-9999,2.4,1.0,-9999,0,58623.4340678663,3.4e-09,58623.4339381729,3.8e-09,0.000649,3.2e-05,11.4,2.0,-54.3,7.4,546.0,400.2,444.4,374488.098,373914,0.399,0
FRB20190527A,-9999,-9999,12.45,0.2,-9999,7.99,0.067,-9999,122.23,-54.88,9.2,7.5,-9999,-9999.0,-9999.0,-9999,14.8,582.3,0.0,12.9,0.0,24.0,32.8,584.58,0.16,550.9,559.9,0.05702,0.00508,0.00045,0.47,0.36,-9999,10.1,4.1,-9999,1,58630.686200525,1.3e-08,58630.686025231,5e-08,0.00247,0.00065,30.7,3.8,-133.0,15.0,512.2,400.2,449.1,1340704.245,1346100,0.279,0
FRB20190527C,-9999,-9999,100.22,0.13,-9999,57.0,0.038,-9999,158.61,21.11,26.3,7.0,-9999,-9999.0,-9999.0,-9999,48.7,535.4,0.0,6.0,0.0,11.5,80.2,535.4368,0.0019,461.6,451.3,0.00688,0.00381,0.00016,3.0,1.7,-9999,20.0,12.0,-9999,0,58630.93271431925,7.9e-10,58630.93255376069,9.8e-10,0.000491,4.7e-05,0.65,0.28,-3.97,0.4,800.2,400.2,434.3,576333.68,563609,0.396,0
FRB20190531B,-9999,-9999,259.91,0.006,-9999,49.32,0.13,-9999,75.9,34.89,23.0,6.0,-9999,-9999.0,-9999.0,-9999,55.3,166.6,0.0,0.0,0.0,0.0,122.4,167.9597,0.001,124.9,132.6,0.00197,<0.00069,-9999.0,0.0,0.0,-9999,0.0,0.0,-9999,0,58634.36650017866,2.6e-10,58634.36644981349,4e-10,0.0006703,7.8e-06,15.15,0.44,-44.4,1.2,595.9,400.2,474.6,334110.448,327706,0.474,0
FRB20190601A,-9999,-9999,190.11,0.21,-9999,62.72,0.21,-9999,125.09,54.36,25.0,14.0,-9999,-9999.0,-9999.0,-9999,15.1,2228.9,0.0,3.3,0.0,7.2,16.4,2227.891,0.012,2194.9,2203.1,0.0059,<0.0021,-9999.0,0.73,0.63,-9999,2.7,2.4,-9999,0,58635.1706003748,4e-09,58635.169932309,5.3e-09,0.00172,0.00019,7.3,2.1,-7.8,2.5,800.2,400.2,638.9,340448.38,339866,0.454,0
FRB20190601B,-9999,-9999,17.88,0.17,-9999,23.82,0.036,-9999,128.83,-38.82,9.6,7.3,-9999,-9999.0,-9999.0,-9999,29.3,789.3,0.0,5.8,0.0,10.0,62.7,787.795,0.087,745.9,754.7,0.02458,0.00567,0.00026,1.0,0.4,-9999,13.0,3.9,-9999,0,58635.6887036864,6.4e-09,58635.688467454,2.7e-08,0.00404,0.00036,9.7,1.0,-68.6,4.7,515.9,400.2,429.5,890218.259,883113,0.433,0
FRB20190604D,-9999,-9999,199.93,0.2,-9999,15.73,0.24,-9999,334.31,76.85,12.3,6.6,-9999,-9999.0,-9999.0,-9999,15.2,1020.6,0.0,2.4,0.0,4.1,15.0,1021.169,0.01,996.4,1000.8,0.00295,<0.0019,-9999.0,0.82,0.36,-9999,2.48,0.79,-9999,0,58638.1886530344,5.8e-09,58638.1883468221,6.5e-09,0.00163,0.00015,6.3,2.0,-7.1,2.5,800.2,400.2,622.6,335648.824,335002,0.462,0
FRB20190604A,190604.J1435+53,FRB20190604A,218.78,0.16,-9999,53.28,0.17,-9999,93.76,57.58,22.0,9.9,-9999,-9999.0,-9999.0,-9999,33.8,553.2,0.0,3.4,0.0,6.4,70.0,552.485,0.024,520.9,528.7,0.00983,0.00183,0.00018,0.92,0.41,-9999,7.8,2.5,-9999,0,58638.2430236954,4e-09,58638.2428580248,8.3e-09,0.00184,0.00012,29.1,1.6,-182.4,8.8,484.9,400.2,433.4,515810.945,515273,0.448,0
FRB20190604E,-9999,-9999,235.59,0.21,-9999,32.06,0.21,-9999,51.08,52.76,11.4,6.4,-9999,-9999.0,-9999.0,-9999,16.8,1218.0,0.0,1.4,0.0,2.5,19.7,1218.5965,0.0077,1192.6,1193.4,0.00197,<0.0011,-9999.0,1.16,0.49,-9999,2.26,0.82,-9999,0,58638.2887713904,4.5e-09,58638.2884059764,5.1e-09,0.000962,6.8e-05,-1.2,1.0,-2.5,1.9,800.2,400.2,400.2,342204.039,341690,0.451,0
FRB20190604G,-9999,-9999,120.81,0.023,-9999,59.5,0.15,-9999,157.7,32.15,27.0,12.0,-9999,-9999.0,-9999.0,-9999,21.1,231.3,0.0,2.0,0.0,3.2,24.8,233.0453,0.0097,181.6,186.5,0.00492,0.000311,5e-05,1.15,0.3,-9999,4.49,0.75,-9999,0,58638.9669740651,4e-09,58638.9669041831,4.9e-09,0.001190,9.8e-05,-2.52,0.82,-0.5,1.4,800.2,400.2,400.2,351006.664,352025,0.435,0
FRB20190605C,-9999,-9999,168.32,0.048,-9999,-5.19,0.093,-9999,262.97,49.91,3.7,5.0,A significant fraction of the localization region of the burst is falling between the FWHM of two beams resulting in a large error on the exposure. See Section 2.2.,-9999.0,-9999.0,-9999,25.4,186.0,0.0,2.0,0.0,3.8,47.5,187.6421,0.0023,149.8,160.7,0.00098,<0.00052,-9999.0,4.6,1.5,-9999,4.4,1.5,-9999,0,58639.0977655733,2.2e-09,58639.097709306,2.3e-09,0.000495,1.5e-05,9.9,1.0,-40.5,3.4,573.9,400.2,452.2,158225.607,156250,0.498,0
FRB20190606B,-9999,-9999,108.79,0.18,-9999,86.85,0.19,-9999,126.46,27.41,228.0,89.0,-9999,206.0,96.0,-9999,29.2,275.0,14.5,9.5,26.0,17.0,39.9,277.486,0.017,222.4,225.2,0.00688,0.00481,0.0004,2.62,0.87,-9999,17.4,5.4,-9999,0,58640.9303041898,4.2e-09,58640.9302209816,6.6e-09,0.00101,0.0002,12.4,1.2,-17.5,1.5,800.2,400.2,569.2,709663.506,707705,0.432,0
FRB20190607A,-9999,-9999,26.23,0.04,-9999,23.66,0.06,-9999,138.44,-37.6,17.6,3.2,-9999,-9999.0,-9999.0,-9999,97.7,559.7,0.0,2.2,0.0,3.6,142.0,562.4528,0.0038,518.5,527.4,0.00492,0.000395,2.7e-05,4.35,0.8,-9999,21.3,3.7,-9999,0,58641.6941281443,1.1e-09,58641.6939594846,1.6e-09,0.001736,3.6e-05,-0.99,0.17,-3.73,0.3,777.4,400.2,400.2,357375.265,344729,0.446,0
FRB20190607B,-9999,-9999,42.02,0.18,-9999,49.62,0.19,-9999,141.57,-8.98,20.0,10.0,-9999,-9999.0,-9999.0,-9999,15.8,289.5,0.0,2.9,0.0,4.8,17.5,289.376,0.0048,151.1,127.6,0.00295,<0.0011,-9999.0,1.06,0.36,-9999,3.2,0.61,-9999,0,58641.7374748944,1.9e-09,58641.7373881207,2.4e-09,0.000916,7.9e-05,2.0,1.4,-0.7,1.7,800.2,400.2,800.2,353584.416,352026,0.435,0
FRB20190609B,-9999,-9999,210.49,0.15,-9999,88.35,0.067,-9999,122.36,28.7,470.0,130.0,-9999,340.0,100.0,-9999,41.2,292.8,5.5,3.5,10.4,6.8,76.5,292.1875,0.001,239.9,243.9,0.00098,<0.00057,-9999.0,11.5,4.9,-9999,22.2,8.4,-9999,0,58643.69978164259,3.3e-10,58643.69969402589,4.5e-10,0.000550,1e-05,4.11,0.33,-10.46,0.58,778.7,400.2,487.1,344323.993,333178,0.465,0
FRB20190609D,-9999,-9999,115.94,0.041,-9999,51.69,0.18,-9999,166.52,28.86,20.0,10.0,-9999,-9999.0,-9999.0,-9999,16.6,509.5,0.0,1.5,0.0,2.7,16.2,511.714,0.043,454.2,454.3,0.00295,<0.0020,-9999.0,0.66,0.34,-9999,2.36,0.94,-9999,0,58643.9397522146,3.6e-09,58643.93959877,1.3e-08,0.00158,0.00019,-1.6,2.7,-17.0,10.0,552.6,400.2,400.2,377458.876,375738,0.396,0
FRB20190614B,-9999,-9999,332.86,0.033,-9999,24.69,0.05,-9999,82.65,-25.4,7.6,7.2,-9999,-9999.0,-9999.0,-9999,57.6,580.7,0.0,2.3,0.0,3.9,54.8,581.9146,0.0013,527.0,535.0,0.00197,<0.00068,-9999.0,4.5,1.6,-9999,8.4,2.8,-9999,0,58648.5288593349,1.8e-09,58648.5286848393,1.8e-09,0.000648,1.6e-05,0.81,0.36,-2.75,0.54,800.2,400.2,463.9,366407.892,358714,0.424,0
FRB20190614C,-9999,-9999,356.5,0.23,-9999,35.91,0.23,-9999,108.34,-25.1,14.0,8.3,-9999,-9999.0,-9999.0,-9999,12.0,585.5,0.0,2.7,0.0,4.7,9.7,589.163,0.049,531.7,540.2,0.00492,<0.0033,-9999.0,0.5,0.26,-9999,2.91,0.95,-9999,0,58648.5924826495,9.4e-09,58648.59230598,1.7e-08,0.00259,0.00035,-9.4,1.9,9.6,3.1,800.2,400.2,400.2,372256.93,372698,0.401,0
FRB20190621C,-9999,-9999,206.57,0.21,-9999,5.23,0.29,-9999,336.18,64.5,11.6,6.4,-9999,-9999.0,-9999.0,-9999,14.4,571.0,0.0,3.6,0.0,6.3,17.5,570.2672,0.0041,544.6,547.8,0.00098,<0.00051,-9999.0,1.98,0.63,-9999,2.38,0.54,-9999,0,58655.159513075,1.1e-08,58655.159342072,1.1e-08,0.000443,3.6e-05,39.1,6.8,-101.0,17.0,564.4,417.5,485.4,174612.684,173274,0.443,0
FRB20190621D,-9999,-9999,270.63,0.016,-9999,78.89,0.17,-9999,110.51,28.93,61.0,34.0,-9999,49.0,33.0,-9999,17.4,645.4,14.1,3.9,26.9,7.6,20.0,647.514,0.02,596.8,601.4,0.00393,<0.0026,-9999.0,0.89,0.52,-9999,4.3,1.9,-9999,0,58655.343707987,1e-08,58655.34351382,1.2e-08,0.00229,0.00016,7.4,1.7,-22.3,4.2,651.1,400.2,472.1,372236.999,372698,0.401,0
FRB20190623B,-9999,-9999,335.22,0.18,-9999,46.12,0.18,-9999,97.54,-9.2,18.4,8.5,-9999,-9999.0,-9999.0,-9999,25.3,1554.4,0.0,2.0,0.0,3.4,37.2,1556.765,0.0055,1413.0,1422.0,0.00197,0.00072,0.00016,1.58,0.49,-9999,2.78,0.87,-9999,0,58657.5117840618,1.7e-09,58657.511317243,2.4e-09,<0.00044,-9999.0,54.2,5.0,-57.1,5.1,786.4,526.2,643.3,380003.41,379385,0.391,0
FRB20190623C,-9999,-9999,192.31,0.24,-9999,86.03,0.31,-9999,122.98,31.1,162.0,78.0,-9999,163.0,79.0,-9999,12.5,1049.8,3.9,2.2,7.0,4.1,15.0,1049.826,0.004,1001.0,1006.2,0.0059,0.00159,0.00037,1.92,0.98,-9999,5.9,1.7,-9999,0,58657.6306079077,1.6e-09,58657.630293102,2e-09,<0.00018,-9999.0,-0.4,1.6,-0.6,2.0,800.2,400.2,400.2,348288.642,345945,0.444,0
FRB20190624A,-9999,-9999,168.32,0.2,-9999,69.78,0.051,-9999,134.65,45.05,32.0,18.0,-9999,-9999.0,-9999.0,-9999,15.3,973.7,0.0,1.5,0.0,2.7,19.2,973.847,0.033,936.0,944.7,0.0059,0.00095,0.00022,0.58,0.26,-9999,3.01,0.98,-9999,0,58658.0483736175,5.5e-09,58658.048081595,1.1e-08,0.00152,0.00025,-5.3,1.1,2.2,1.9,704.0,400.2,400.2,385623.361,383641,0.384,0
FRB20190624B,-9999,-9999,304.65,0.068,-9999,73.61,0.2,-9999,106.73,20.13,45.0,22.0,-9999,42.0,11.0,-9999,39.1,215.1,1.6,0.2,2.6,0.4,80.4,213.9222,0.002,144.2,141.2,0.00098,<0.00040,-9999.0,16.5,4.4,-9999,20.0,5.2,-9999,0,58658.92438010847,4.5e-10,58658.92431596078,7.6e-10,0.000372,1.6e-05,34.8,1.4,-43.2,1.6,754.3,475.4,598.8,164386.993,151994,0.512,0
FRB20190625C,-9999,-9999,73.2,0.21,-9999,11.1,0.051,-9999,188.2,-20.14,10.0,7.3,-9999,-9999.0,-9999.0,-9999,12.1,441.6,0.0,3.4,0.0,5.9,21.1,442.2388,0.0043,366.1,337.3,0.00098,<0.00063,-9999.0,2.22,0.59,-9999,4.02,0.83,-9999,0,58659.77532216966,9.1e-10,58659.7751895579,1.6e-09,0.000547,4e-05,0.3,1.0,-5.9,2.0,768.7,400.2,410.7,335188.999,333178,0.465,0
FRB20190625D,-9999,-9999,115.02,0.013,-9999,4.87,0.033,-9999,214.12,13.03,9.6,5.9,-9999,-9999.0,-9999.0,-9999,36.3,716.6,0.0,4.7,0.0,8.1,66.9,717.8831,0.0028,616.5,587.1,0.00197,<0.00072,-9999.0,5.3,1.3,-9999,12.1,2.1,-9999,0,58659.89395235612,3.7e-10,58659.89373708838,9.2e-10,0.000687,1.7e-05,17.84,0.95,-76.1,3.6,535.5,400.2,450.0,307048.714,305818,0.509,0
FRB20190627B,-9999,-9999,256.4,0.14,-9999,40.79,0.13,-9999,65.18,36.74,20.9,4.9,-9999,-9999.0,-9999.0,-9999,56.2,428.6,0.0,2.8,0.0,4.6,68.4,430.3224,0.0016,388.3,396.7,0.00295,0.000620,3.9e-05,4.06,0.61,-9999,10.2,1.4,-9999,0,58661.28223901965,6.7e-10,58661.2821099812,8.2e-10,0.000444,2.6e-05,2.08,0.37,-4.61,0.5,800.2,400.2,501.6,352263.636,347769,0.441,0
FRB20190627C,-9999,-9999,267.88,0.078,-9999,71.58,0.16,-9999,102.22,30.35,46.0,16.0,-9999,38.8,7.2,-9999,49.9,968.9,24.2,2.7,41.6,4.7,57.0,968.6127,0.0027,920.6,925.8,0.00197,0.000164,1.7e-05,4.0,1.5,-9999,11.3,4.0,-9999,0,58661.3078941547,7.3e-10,58661.307603702,1.1e-09,0.000820,3.2e-05,-0.19,0.35,-3.33,0.59,800.2,400.2,400.2,349021.926,345945,0.444,0
FRB20190627D,-9999,-9999,295.33,0.22,-9999,43.84,0.22,-9999,77.24,10.21,15.9,9.4,-9999,-9999.0,-9999.0,-9999,12.0,1999.2,0.0,1.7,0.0,2.9,15.0,2002.242,0.015,1870.2,1861.3,0.00786,0.00270,0.00073,0.236,0.078,-9999,1.54,0.28,-9999,0,58661.3901815533,6.2e-09,58661.3895811518,7.6e-09,<0.0014,-9999.0,5.2,1.9,-13.9,3.3,724.3,400.2,482.4,359610.349,358105,0.425,0
FRB20190628B,-9999,-9999,248.48,0.2,-9999,80.14,0.088,-9999,113.3,32.36,66.0,40.0,-9999,68.0,34.0,-9999,12.4,406.0,2.6,0.9,4.7,1.5,16.3,408.009,0.016,361.5,367.2,0.00295,0.000471,9.2e-05,0.75,0.26,-9999,1.39,0.34,-9999,0,58662.2478081976,1.9e-09,58662.24768585,5.3e-09,0.00027,0.00019,-6.0,1.5,-0.4,3.6,583.5,400.2,400.2,365131.881,367225,0.41,0
FRB20190630A,-9999,FRB20190117A,331.71,0.15,-9999,17.37,0.26,-9999,76.31,-30.23,12.5,6.9,-9999,-9999.0,-9999.0,-9999,19.4,401.1,0.0,5.6,0.0,10.6,31.2,392.438,0.026,344.3,352.4,0.02163,0.00518,0.00041,0.4,0.14,-9999,4.8,0.86,-9999,0,58664.4824588646,3.9e-09,58664.4823411862,8.7e-09,0.00075,0.00029,42.2,4.4,-121.0,12.0,547.1,415.1,476.6,553094.302,553273,0.556,0
FRB20190630D,-9999,-9999,143.36,0.2,-9999,8.9,0.25,-9999,224.58,39.91,12.0,6.6,-9999,-9999.0,-9999.0,-9999,19.1,321.9,0.0,1.3,0.0,2.3,19.7,323.5174,0.0041,279.8,287.3,0.00197,<0.00063,-9999.0,1.73,0.51,-9999,2.6,0.75,-9999,0,58664.9582637494,1.7e-09,58664.9581667379,2.1e-09,0.000555,4e-05,-2.3,1.3,-1.6,2.1,780.6,400.2,400.2,230876.012,229818,0.631,0
FRB20190701A,-9999,-9999,277.47,0.21,-9999,59.04,0.22,-9999,88.29,25.72,23.0,14.0,-9999,-9999.0,-9999.0,-9999,12.1,635.7,0.0,1.8,0.0,3.0,14.6,637.0934,0.0036,582.8,587.8,0.00197,<0.00072,-9999.0,1.26,0.25,-9999,1.7,0.29,-9999,0,58665.3279215249,2.5e-09,58665.3277304831,2.8e-09,0.000608,5.7e-05,-1.1,1.5,3.3,1.9,800.2,400.2,800.2,341779.3,341690,0.451,0
FRB20190701B,-9999,-9999,302.93,0.22,-9999,80.18,0.24,-9999,112.88,23.4,69.0,38.0,-9999,70.0,33.0,-9999,15.0,748.9,5.1,1.7,9.6,3.3,17.5,749.114,0.011,687.6,688.1,0.00295,0.00034,0.00011,1.1,0.49,-9999,1.9,0.72,-9999,0,58665.4102250642,2.9e-09,58665.4100004314,4.5e-09,0.00063,0.00013,3.9,1.7,-11.8,3.1,732.8,400.2,471.5,329229.311,330137,0.47,0
FRB20190701D,-9999,-9999,112.1,0.18,-9999,66.7,0.16,-9999,149.28,28.38,34.0,15.0,-9999,-9999.0,-9999.0,-9999,34.4,934.9,0.0,3.4,0.0,6.3,44.8,933.3629,0.0097,877.4,879.4,0.00885,0.00153,0.0002,1.33,0.67,-9999,8.6,3.6,-9999,0,58665.8709247358,3.3e-09,58665.8706448533,4.4e-09,0.00140,0.00012,6.49,0.75,-20.9,1.6,651.8,400.2,467.6,358566.724,354457,0.431,0
FRB20190701E,-9999,-9999,138.57,0.19,-9999,61.71,0.036,-9999,153.27,40.37,15.0,14.0,-9999,-9999.0,-9999.0,-9999,15.2,888.0,0.0,1.3,0.0,2.3,16.7,890.4771,0.0081,848.1,857.0,0.00295,0.00067,0.00015,0.68,0.28,-9999,2.0,0.49,-9999,0,58665.9389301907,3.5e-09,58665.9386631681,4.3e-09,0.00042,0.00015,0.3,1.4,-5.1,2.2,800.2,400.2,410.3,359241.191,356889,0.427,0
